
 NX   Running target build for project grafana and 12 tasks it depends on:



> nx run @grafana-plugins/zipkin:build

Browserslist: browsers data (caniuse-lite) is 13 months old. Please run:
  npx update-browserslist-db@latest
  Why you should do it regularly: https://github.com/browserslist/update-db#readme
7 assets
408 modules
webpack 5.97.1 compiled [1m[32msuccessfully[39m[22m in 5634 ms

> nx run @grafana-plugins/mysql:build

Browserslist: browsers data (caniuse-lite) is 13 months old. Please run:
  npx update-browserslist-db@latest
  Why you should do it regularly: https://github.com/browserslist/update-db#readme
8 assets
837 modules

[1m[33mWARNING[39m[22m in [1masset size limit: The following asset(s) exceed the recommended size limit (244 KiB).
This can impact web performance.
Assets: 
  630.js (649 KiB)[39m[22m

webpack 5.97.1 compiled with [1m[33m1 warning[39m[22m in 14072 ms

> nx run @grafana-plugins/grafana-testdata-datasource:build

Browserslist: browsers data (caniuse-lite) is 13 months old. Please run:
  npx update-browserslist-db@latest
  Why you should do it regularly: https://github.com/browserslist/update-db#readme
7 assets
279 modules
webpack 5.97.1 compiled [1m[32msuccessfully[39m[22m in 4093 ms

> nx run @grafana-plugins/grafana-azure-monitor-datasource:build

Browserslist: browsers data (caniuse-lite) is 13 months old. Please run:
  npx update-browserslist-db@latest
  Why you should do it regularly: https://github.com/browserslist/update-db#readme
39 assets
3255 modules

[1m[33mWARNING[39m[22m in [1masset size limit: The following asset(s) exceed the recommended size limit (244 KiB).
This can impact web performance.
Assets: 
  module.js (306 KiB)
  img/azure_monitor_cpu.png (253 KiB)
  img/contoso_loans_grafana_dashboard.png (251 KiB)
  dashboards/adx.json (272 KiB)[39m[22m

[1m[33mWARNING[39m[22m in [1mentrypoint size limit: The following entrypoint(s) combined asset size exceeds the recommended limit (244 KiB). This can impact web performance.
Entrypoints:
  module (306 KiB)
      module.js
[39m[22m

[1m[33mWARNING[39m[22m in [1mwebpack performance recommendations: 
You can limit the size of your bundles by using import() or require.ensure to lazy load some parts of your application.
For more info visit https://webpack.js.org/guides/code-splitting/[39m[22m

webpack 5.97.1 compiled with [1m[33m3 warnings[39m[22m in 13790 ms

> nx run grafana:themes-generate

(node:77660) [DEP0060] DeprecationWarning: The `util._extend` API is deprecated. Please use Object.assign() instead.
(Use `node --trace-deprecation ...` to show where the warning was created)

> nx run @grafana-plugins/grafana-pyroscope-datasource:build

Browserslist: browsers data (caniuse-lite) is 13 months old. Please run:
  npx update-browserslist-db@latest
  Why you should do it regularly: https://github.com/browserslist/update-db#readme
6 assets
409 modules
webpack 5.97.1 compiled [1m[32msuccessfully[39m[22m in 4020 ms

> nx run @grafana-plugins/grafana-postgresql-datasource:build

Browserslist: browsers data (caniuse-lite) is 13 months old. Please run:
  npx update-browserslist-db@latest
  Why you should do it regularly: https://github.com/browserslist/update-db#readme
8 assets
848 modules

[1m[33mWARNING[39m[22m in [1masset size limit: The following asset(s) exceed the recommended size limit (244 KiB).
This can impact web performance.
Assets: 
  630.js (649 KiB)[39m[22m

webpack 5.97.1 compiled with [1m[33m1 warning[39m[22m in 12190 ms

> nx run @grafana-plugins/tempo:build

Browserslist: browsers data (caniuse-lite) is 13 months old. Please run:
  npx update-browserslist-db@latest
  Why you should do it regularly: https://github.com/browserslist/update-db#readme
96 assets
3237 modules

[1m[33mWARNING[39m[22m in [1masset size limit: The following asset(s) exceed the recommended size limit (244 KiB).
This can impact web performance.
Assets: 
  2444.js (3.14 MiB)[39m[22m

webpack 5.97.1 compiled with [1m[33m1 warning[39m[22m in 42254 ms

> nx run @grafana-plugins/stackdriver:build

Browserslist: browsers data (caniuse-lite) is 13 months old. Please run:
  npx update-browserslist-db@latest
  Why you should do it regularly: https://github.com/browserslist/update-db#readme
21 assets
433 modules
webpack 5.97.1 compiled [1m[32msuccessfully[39m[22m in 3014 ms

> nx run @grafana-plugins/jaeger:build

Browserslist: browsers data (caniuse-lite) is 13 months old. Please run:
  npx update-browserslist-db@latest
  Why you should do it regularly: https://github.com/browserslist/update-db#readme
7 assets
455 modules
webpack 5.97.1 compiled [1m[32msuccessfully[39m[22m in 3816 ms

> nx run @grafana-plugins/parca:build

Browserslist: browsers data (caniuse-lite) is 13 months old. Please run:
  npx update-browserslist-db@latest
  Why you should do it regularly: https://github.com/browserslist/update-db#readme
6 assets
402 modules
webpack 5.97.1 compiled [1m[32msuccessfully[39m[22m in 934 ms

> nx run @grafana-plugins/mssql:build

Browserslist: browsers data (caniuse-lite) is 13 months old. Please run:
  npx update-browserslist-db@latest
  Why you should do it regularly: https://github.com/browserslist/update-db#readme
8 assets
3414 modules

[1m[33mWARNING[39m[22m in [1masset size limit: The following asset(s) exceed the recommended size limit (244 KiB).
This can impact web performance.
Assets: 
  module.js (538 KiB)
  752.js (614 KiB)[39m[22m

[1m[33mWARNING[39m[22m in [1mentrypoint size limit: The following entrypoint(s) combined asset size exceeds the recommended limit (244 KiB). This can impact web performance.
Entrypoints:
  module (538 KiB)
      module.js
[39m[22m

webpack 5.97.1 compiled with [1m[33m2 warnings[39m[22m in 8473 ms

> nx run grafana:build

Browserslist: browsers data (caniuse-lite) is 13 months old. Please run:
  npx update-browserslist-db@latest
  Why you should do it regularly: https://github.com/browserslist/update-db#readme
<s> [webpack.Progress] 0% 
<s> [webpack.Progress] 1% setup before run
<s> [webpack.Progress] 1% setup before run NodeEnvironmentPlugin
<s> [webpack.Progress] 1% setup before run
<s> [webpack.Progress] 2% setup run
<s> [webpack.Progress] 2% setup run webpack-cli
<s> [webpack.Progress] 2% setup run WebpackManifestPlugin
<s> [webpack.Progress] 2% setup run
<s> [webpack.Progress] 4% setup normal module factory
<s> [webpack.Progress] 4% setup normal module factory NormalModuleReplacementPlugin
<s> [webpack.Progress] 4% setup normal module factory
<s> [webpack.Progress] 5% setup context module factory
<s> [webpack.Progress] 5% setup context module factory
<s> [webpack.Progress] 6% setup before compile
<s> [webpack.Progress] 6% setup before compile ProgressPlugin
<s> [webpack.Progress] 6% setup before compile
<s> [webpack.Progress] 7% setup compile
<s> [webpack.Progress] 7% setup compile ExternalsPlugin
<s> [webpack.Progress] 7% setup compile
<s> [webpack.Progress] 8% setup compilation
<s> [webpack.Progress] 8% setup compilation mini-css-extract-plugin
<s> [webpack.Progress] 8% setup compilation WebpackAssetsManifest
<s> [webpack.Progress] 8% setup compilation ArrayPushCallbackChunkFormatPlugin
<s> [webpack.Progress] 8% setup compilation JsonpChunkLoadingPlugin
<s> [webpack.Progress] 8% setup compilation StartupChunkDependenciesPlugin
<s> [webpack.Progress] 8% setup compilation ImportScriptsChunkLoadingPlugin
<s> [webpack.Progress] 8% setup compilation FetchCompileAsyncWasmPlugin
<s> [webpack.Progress] 8% setup compilation WorkerPlugin
<s> [webpack.Progress] 8% setup compilation SplitChunksPlugin
<s> [webpack.Progress] 8% setup compilation RuntimeChunkPlugin
<s> [webpack.Progress] 8% setup compilation ResolverCachePlugin
<s> [webpack.Progress] 8% setup compilation WebpackManifestPlugin
<s> [webpack.Progress] 8% setup compilation
<s> [webpack.Progress] 9% setup compilation
<s> [webpack.Progress] 9% setup compilation ProgressPlugin
<s> [webpack.Progress] 9% setup compilation CorsWorkerPlugin
<s> [webpack.Progress] 9% setup compilation ProvidePlugin
<s> [webpack.Progress] 9% setup compilation mini-css-extract-plugin
<s> [webpack.Progress] 9% setup compilation WebpackAssetsManifest
<s> [webpack.Progress] 9% setup compilation DefinePlugin
<s> [webpack.Progress] 9% setup compilation ChunkPrefetchPreloadPlugin
<s> [webpack.Progress] 9% setup compilation SourceMapDevToolPlugin
<s> [webpack.Progress] 9% setup compilation JavascriptModulesPlugin
<s> [webpack.Progress] 9% setup compilation JsonModulesPlugin
<s> [webpack.Progress] 9% setup compilation AssetModulesPlugin
<s> [webpack.Progress] 9% setup compilation AsyncWebAssemblyModulesPlugin
<s> [webpack.Progress] 9% setup compilation EntryPlugin
<s> [webpack.Progress] 9% setup compilation EntryPlugin
<s> [webpack.Progress] 9% setup compilation EntryPlugin
<s> [webpack.Progress] 9% setup compilation EntryPlugin
<s> [webpack.Progress] 9% setup compilation RuntimePlugin
<s> [webpack.Progress] 9% setup compilation InferAsyncModulesPlugin
<s> [webpack.Progress] 9% setup compilation DataUriPlugin
<s> [webpack.Progress] 9% setup compilation FileUriPlugin
<s> [webpack.Progress] 9% setup compilation CompatibilityPlugin
<s> [webpack.Progress] 9% setup compilation HarmonyModulesPlugin
<s> [webpack.Progress] 9% setup compilation AMDPlugin
<s> [webpack.Progress] 9% setup compilation RequireJsStuffPlugin
<s> [webpack.Progress] 9% setup compilation CommonJsPlugin
<s> [webpack.Progress] 9% setup compilation LoaderPlugin
<s> [webpack.Progress] 9% setup compilation LoaderPlugin
<s> [webpack.Progress] 9% setup compilation NodeStuffPlugin
<s> [webpack.Progress] 9% setup compilation APIPlugin
<s> [webpack.Progress] 9% setup compilation ExportsInfoApiPlugin
<s> [webpack.Progress] 9% setup compilation WebpackIsIncludedPlugin
<s> [webpack.Progress] 9% setup compilation ConstPlugin
<s> [webpack.Progress] 9% setup compilation UseStrictPlugin
<s> [webpack.Progress] 9% setup compilation RequireIncludePlugin
<s> [webpack.Progress] 9% setup compilation RequireEnsurePlugin
<s> [webpack.Progress] 9% setup compilation RequireContextPlugin
<s> [webpack.Progress] 9% setup compilation ImportPlugin
<s> [webpack.Progress] 9% setup compilation ImportMetaContextPlugin
<s> [webpack.Progress] 9% setup compilation SystemPlugin
<s> [webpack.Progress] 9% setup compilation ImportMetaPlugin
<s> [webpack.Progress] 9% setup compilation URLPlugin
<s> [webpack.Progress] 9% setup compilation DefaultStatsFactoryPlugin
<s> [webpack.Progress] 9% setup compilation DefaultStatsPresetPlugin
<s> [webpack.Progress] 9% setup compilation DefaultStatsPrinterPlugin
<s> [webpack.Progress] 9% setup compilation JavascriptMetaInfoPlugin
<s> [webpack.Progress] 9% setup compilation EnsureChunkConditionsPlugin
<s> [webpack.Progress] 9% setup compilation RemoveEmptyChunksPlugin
<s> [webpack.Progress] 9% setup compilation MergeDuplicateChunksPlugin
<s> [webpack.Progress] 9% setup compilation FlagIncludedChunksPlugin
<s> [webpack.Progress] 9% setup compilation SideEffectsFlagPlugin
<s> [webpack.Progress] 9% setup compilation FlagDependencyExportsPlugin
<s> [webpack.Progress] 9% setup compilation FlagDependencyUsagePlugin
<s> [webpack.Progress] 9% setup compilation InnerGraphPlugin
<s> [webpack.Progress] 9% setup compilation MangleExportsPlugin
<s> [webpack.Progress] 9% setup compilation ModuleConcatenationPlugin
<s> [webpack.Progress] 9% setup compilation NoEmitOnErrorsPlugin
<s> [webpack.Progress] 9% setup compilation RealContentHashPlugin
<s> [webpack.Progress] 9% setup compilation WasmFinalizeExportsPlugin
<s> [webpack.Progress] 9% setup compilation DeterministicModuleIdsPlugin
<s> [webpack.Progress] 9% setup compilation DeterministicChunkIdsPlugin
<s> [webpack.Progress] 9% setup compilation DefinePlugin
<s> [webpack.Progress] 9% setup compilation EsbuildPlugin
<s> [webpack.Progress] 9% setup compilation CssMinimizerPlugin
<s> [webpack.Progress] 9% setup compilation TemplatedPathPlugin
<s> [webpack.Progress] 9% setup compilation RecordIdsPlugin
<s> [webpack.Progress] 9% setup compilation WarnCaseSensitiveModulesPlugin
<s> [webpack.Progress] 9% setup compilation AddBuildDependenciesPlugin
<s> [webpack.Progress] 9% setup compilation AddBuildDependenciesPlugin
<s> [webpack.Progress] 9% setup compilation AddBuildDependenciesPlugin
<s> [webpack.Progress] 9% setup compilation IgnoreWarningsPlugin
<s> [webpack.Progress] 9% setup compilation WebpackManifestPlugin
<s> [webpack.Progress] 9% setup compilation
<s> [webpack.Progress] 10% building
<s> [webpack.Progress] 10% building 0/1 entries 0/0 dependencies 0/0 modules
<s> [webpack.Progress] 10% building import loader ./node_modules/esbuild-loader/dist/index.cjs
<s> [webpack.Progress] 10% building 0/4 entries 4/4 dependencies 0/4 modules
<s> [webpack.Progress] 10% building import loader ./node_modules/mini-css-extract-plugin/dist/loader.js
<s> [webpack.Progress] 10% building import loader ./node_modules/css-loader/dist/cjs.js
<s> [webpack.Progress] 10% building import loader ./node_modules/postcss-loader/dist/cjs.js
<s> [webpack.Progress] 10% building import loader ./node_modules/sass-loader/dist/cjs.js
<s> [webpack.Progress] 10% building 0/4 entries 4/4 dependencies 0/4 modules
<s> [webpack.Progress] 10% building 0/4 entries 7/15 dependencies 0/6 modules
<s> [webpack.Progress] 23% building 1/4 entries 80/163 dependencies 22/50 modules
<s> [webpack.Progress] 36% building 2/4 entries 80/163 dependencies 24/50 modules
<s> [webpack.Progress] 37% building 2/4 entries 400/524 dependencies 29/345 modules
<s> [webpack.Progress] 37% building import loader ./node_modules/expose-loader/dist/cjs.js
<s> [webpack.Progress] 37% building 2/4 entries 563/644 dependencies 35/463 modules
<s> [webpack.Progress] 37% building 2/4 entries 895/1000 dependencies 72/620 modules
<s> [webpack.Progress] 37% building 2/4 entries 2463/2500 dependencies 275/1377 modules
<s> [webpack.Progress] 37% building 2/4 entries 4900/4983 dependencies 465/2629 modules
<s> [webpack.Progress] 37% building 2/4 entries 8433/8500 dependencies 948/3557 modules
<s> [webpack.Progress] 37% building 2/4 entries 10557/10600 dependencies 1175/3974 modules
<s> [webpack.Progress] 37% building 2/4 entries 13874/13978 dependencies 1884/4700 modules
<s> [webpack.Progress] 37% building 2/4 entries 15360/15500 dependencies 2282/5247 modules
<s> [webpack.Progress] 37% building 2/4 entries 16374/16400 dependencies 2485/5463 modules
<s> [webpack.Progress] 40% building 2/4 entries 18751/18800 dependencies 3245/5862 modules
<s> [webpack.Progress] 42% building import loader ./node_modules/ngtemplate-loader/index.js
<s> [webpack.Progress] 42% building import loader ./node_modules/html-loader/dist/cjs.js
<s> [webpack.Progress] 42% building 2/4 entries 21466/21473 dependencies 4005/6691 modules
<s> [webpack.Progress] 44% building 2/4 entries 23486/23500 dependencies 4421/7134 modules
<s> [webpack.Progress] 45% building 2/4 entries 26050/26100 dependencies 4925/7543 modules
<s> [webpack.Progress] 46% building 2/4 entries 28481/28500 dependencies 5460/8154 modules
<s> [webpack.Progress] 49% building 2/4 entries 31177/31192 dependencies 6200/8624 modules
<s> [webpack.Progress] 50% building 2/4 entries 32990/33000 dependencies 6663/9016 modules
<s> [webpack.Progress] 51% building 2/4 entries 35253/35300 dependencies 7178/9551 modules
<s> [webpack.Progress] 52% building 2/4 entries 36600/36624 dependencies 7651/9795 modules
<s> [webpack.Progress] 54% building 2/4 entries 39089/39100 dependencies 8275/10264 modules
<s> [webpack.Progress] 56% building 2/4 entries 41300/41443 dependencies 8914/10639 modules
<s> [webpack.Progress] 57% building 2/4 entries 44300/44370 dependencies 9756/11276 modules
<s> [webpack.Progress] 60% building 2/4 entries 46743/46768 dependencies 10800/11751 modules
<s> [webpack.Progress] 63% building 2/4 entries 48900/48994 dependencies 11891/12257 modules
<s> [webpack.Progress] 63% building 2/4 entries 50154/50200 dependencies 12355/12584 modules
<s> [webpack.Progress] 64% building 3/4 entries 50490/50583 dependencies 12484/12626 modules
<s> [webpack.Progress] 64% building 3/4 entries 50862/50900 dependencies 12550/12662 modules
<s> [webpack.Progress] 65% building 4/4 entries 51198/51198 dependencies 12709/12709 modules
<s> [webpack.Progress] 65% building
<s> [webpack.Progress] 69% building finish
<s> [webpack.Progress] 69% building finish
<s> [webpack.Progress] 70% sealing finish module graph
<s> [webpack.Progress] 70% sealing finish module graph ResolverCachePlugin
<s> [webpack.Progress] 70% sealing finish module graph InferAsyncModulesPlugin
<s> [webpack.Progress] 70% sealing finish module graph FlagDependencyExportsPlugin
<s> [webpack.Progress] 70% sealing finish module graph InnerGraphPlugin
<s> [webpack.Progress] 70% sealing finish module graph WasmFinalizeExportsPlugin
<s> [webpack.Progress] 70% sealing finish module graph EsbuildPlugin
<s> [webpack.Progress] 70% sealing finish module graph
<s> [webpack.Progress] 70% sealing plugins
<s> [webpack.Progress] 70% sealing plugins WarnCaseSensitiveModulesPlugin
<s> [webpack.Progress] 70% sealing plugins
<s> [webpack.Progress] 71% sealing dependencies optimization
<s> [webpack.Progress] 71% sealing dependencies optimization SideEffectsFlagPlugin
<s> [webpack.Progress] 71% sealing dependencies optimization FlagDependencyUsagePlugin
<s> [webpack.Progress] 71% sealing dependencies optimization
<s> [webpack.Progress] 71% sealing after dependencies optimization
<s> [webpack.Progress] 71% sealing after dependencies optimization
<s> [webpack.Progress] 72% sealing chunk graph
<s> [webpack.Progress] 72% sealing chunk graph
<s> [webpack.Progress] 73% sealing after chunk graph
<s> [webpack.Progress] 73% sealing after chunk graph
<s> [webpack.Progress] 73% sealing optimizing
<s> [webpack.Progress] 73% sealing optimizing
<s> [webpack.Progress] 74% sealing module optimization
<s> [webpack.Progress] 74% sealing module optimization
<s> [webpack.Progress] 75% sealing after module optimization
<s> [webpack.Progress] 75% sealing after module optimization
<s> [webpack.Progress] 75% sealing chunk optimization
<s> [webpack.Progress] 75% sealing chunk optimization EnsureChunkConditionsPlugin
<s> [webpack.Progress] 75% sealing chunk optimization RemoveEmptyChunksPlugin
<s> [webpack.Progress] 75% sealing chunk optimization MergeDuplicateChunksPlugin
<s> [webpack.Progress] 75% sealing chunk optimization SplitChunksPlugin
<s> [webpack.Progress] 75% sealing chunk optimization RemoveEmptyChunksPlugin
<s> [webpack.Progress] 75% sealing chunk optimization
<s> [webpack.Progress] 76% sealing after chunk optimization
<s> [webpack.Progress] 76% sealing after chunk optimization
<s> [webpack.Progress] 77% sealing module and chunk tree optimization
<s> [webpack.Progress] 77% sealing module and chunk tree optimization
<s> [webpack.Progress] 77% sealing after module and chunk tree optimization
<s> [webpack.Progress] 77% sealing after module and chunk tree optimization
<s> [webpack.Progress] 78% sealing chunk modules optimization
<s> [webpack.Progress] 78% sealing chunk modules optimization ModuleConcatenationPlugin
<s> [webpack.Progress] 78% sealing chunk modules optimization
<s> [webpack.Progress] 78% sealing after chunk modules optimization
<s> [webpack.Progress] 78% sealing after chunk modules optimization
<s> [webpack.Progress] 79% sealing module reviving
<s> [webpack.Progress] 79% sealing module reviving RecordIdsPlugin
<s> [webpack.Progress] 79% sealing module reviving
<s> [webpack.Progress] 80% sealing before module ids
<s> [webpack.Progress] 80% sealing before module ids
<s> [webpack.Progress] 80% sealing module ids
<s> [webpack.Progress] 80% sealing module ids DeterministicModuleIdsPlugin
<s> [webpack.Progress] 80% sealing module ids
<s> [webpack.Progress] 81% sealing module id optimization
<s> [webpack.Progress] 81% sealing module id optimization
<s> [webpack.Progress] 82% sealing module id optimization
<s> [webpack.Progress] 82% sealing module id optimization
<s> [webpack.Progress] 82% sealing chunk reviving
<s> [webpack.Progress] 82% sealing chunk reviving RecordIdsPlugin
<s> [webpack.Progress] 82% sealing chunk reviving
<s> [webpack.Progress] 83% sealing before chunk ids
<s> [webpack.Progress] 83% sealing before chunk ids
<s> [webpack.Progress] 84% sealing chunk ids
<s> [webpack.Progress] 84% sealing chunk ids DeterministicChunkIdsPlugin
<s> [webpack.Progress] 84% sealing chunk ids
<s> [webpack.Progress] 84% sealing chunk id optimization
<s> [webpack.Progress] 84% sealing chunk id optimization FlagIncludedChunksPlugin
<s> [webpack.Progress] 84% sealing chunk id optimization
<s> [webpack.Progress] 85% sealing after chunk id optimization
<s> [webpack.Progress] 85% sealing after chunk id optimization
<s> [webpack.Progress] 86% sealing record modules
<s> [webpack.Progress] 86% sealing record modules RecordIdsPlugin
<s> [webpack.Progress] 86% sealing record modules
<s> [webpack.Progress] 86% sealing record chunks
<s> [webpack.Progress] 86% sealing record chunks RecordIdsPlugin
<s> [webpack.Progress] 86% sealing record chunks
<s> [webpack.Progress] 87% sealing module hashing
<s> [webpack.Progress] 87% sealing module hashing
<s> [webpack.Progress] 87% sealing code generation
<s> [webpack.Progress] 87% sealing code generation
<s> [webpack.Progress] 88% sealing runtime requirements
<s> [webpack.Progress] 88% sealing runtime requirements
<s> [webpack.Progress] 89% sealing hashing
<s> [webpack.Progress] 89% sealing hashing
<s> [webpack.Progress] 89% sealing after hashing
<s> [webpack.Progress] 89% sealing after hashing
<s> [webpack.Progress] 90% sealing record hash
<s> [webpack.Progress] 90% sealing record hash
<s> [webpack.Progress] 91% sealing module assets processing
<s> [webpack.Progress] 91% sealing module assets processing
<s> [webpack.Progress] 91% sealing chunk assets processing
<s> [webpack.Progress] 91% sealing chunk assets processing
<s> [webpack.Progress] 92% sealing asset processing
<s> [webpack.Progress] 92% sealing asset processing EsbuildPlugin
<s> [webpack.Progress] 92% sealing asset processing CssMinimizerPlugin
Browserslist: browsers data (caniuse-lite) is 13 months old. Please run:
  npx update-browserslist-db@latest
  Why you should do it regularly: https://github.com/browserslist/update-db#readme
Browserslist: browsers data (caniuse-lite) is 13 months old. Please run:
  npx update-browserslist-db@latest
  Why you should do it regularly: https://github.com/browserslist/update-db#readme
Browserslist: browsers data (caniuse-lite) is 13 months old. Please run:
  npx update-browserslist-db@latest
  Why you should do it regularly: https://github.com/browserslist/update-db#readme
Browserslist: browsers data (caniuse-lite) is 13 months old. Please run:
  npx update-browserslist-db@latest
  Why you should do it regularly: https://github.com/browserslist/update-db#readme
Browserslist: browsers data (caniuse-lite) is 13 months old. Please run:
  npx update-browserslist-db@latest
  Why you should do it regularly: https://github.com/browserslist/update-db#readme
Browserslist: browsers data (caniuse-lite) is 13 months old. Please run:
  npx update-browserslist-db@latest
  Why you should do it regularly: https://github.com/browserslist/update-db#readme
Browserslist: browsers data (caniuse-lite) is 13 months old. Please run:
  npx update-browserslist-db@latest
  Why you should do it regularly: https://github.com/browserslist/update-db#readme
Browserslist: browsers data (caniuse-lite) is 13 months old. Please run:
  npx update-browserslist-db@latest
  Why you should do it regularly: https://github.com/browserslist/update-db#readme
Browserslist: browsers data (caniuse-lite) is 13 months old. Please run:
  npx update-browserslist-db@latest
  Why you should do it regularly: https://github.com/browserslist/update-db#readme
<s> [webpack.Progress] 92% sealing asset processing SourceMapDevToolPlugin
<s> [webpack.Progress] 92% sealing asset processing SourceMapDevToolPlugin
<s> [webpack.Progress] 92% sealing asset processing SourceMapDevToolPlugin grafana.app.086ee87307c9f4282e07.css generate SourceMap
<s> [webpack.Progress] 92% sealing asset processing SourceMapDevToolPlugin grafana.app.086ee87307c9f4282e07.css generated SourceMap
<s> [webpack.Progress] 92% sealing asset processing SourceMapDevToolPlugin app.429777cc4cf16e834a5b.js generate SourceMap
<s> [webpack.Progress] 92% sealing asset processing SourceMapDevToolPlugin app.429777cc4cf16e834a5b.js generated SourceMap
<s> [webpack.Progress] 92% sealing asset processing SourceMapDevToolPlugin grafana.swagger.80921ed237fdb7a78019.css generate SourceMap
<s> [webpack.Progress] 92% sealing asset processing SourceMapDevToolPlugin grafana.swagger.80921ed237fdb7a78019.css generated SourceMap
<s> [webpack.Progress] 92% sealing asset processing SourceMapDevToolPlugin swagger.4b10e33557f1793f8dcf.js generate SourceMap
<s> [webpack.Progress] 92% sealing asset processing SourceMapDevToolPlugin swagger.4b10e33557f1793f8dcf.js generated SourceMap
<s> [webpack.Progress] 92% sealing asset processing SourceMapDevToolPlugin grafana.dark.bebff003a8489e1724bd.css generate SourceMap
<s> [webpack.Progress] 92% sealing asset processing SourceMapDevToolPlugin grafana.dark.bebff003a8489e1724bd.css generated SourceMap
<s> [webpack.Progress] 92% sealing asset processing SourceMapDevToolPlugin dark.e6d04b8ad535a85bce80.js generate SourceMap
<s> [webpack.Progress] 92% sealing asset processing SourceMapDevToolPlugin dark.e6d04b8ad535a85bce80.js generated SourceMap
<s> [webpack.Progress] 92% sealing asset processing SourceMapDevToolPlugin grafana.light.18e551ae033b6728c010.css generate SourceMap
<s> [webpack.Progress] 92% sealing asset processing SourceMapDevToolPlugin grafana.light.18e551ae033b6728c010.css generated SourceMap
<s> [webpack.Progress] 92% sealing asset processing SourceMapDevToolPlugin light.4a070644ccaada7a164d.js generate SourceMap
<s> [webpack.Progress] 92% sealing asset processing SourceMapDevToolPlugin light.4a070644ccaada7a164d.js generated SourceMap
<s> [webpack.Progress] 92% sealing asset processing SourceMapDevToolPlugin runtime.0bfa67540c118cd27e0c.js generate SourceMap
<s> [webpack.Progress] 92% sealing asset processing SourceMapDevToolPlugin runtime.0bfa67540c118cd27e0c.js generated SourceMap
<s> [webpack.Progress] 92% sealing asset processing SourceMapDevToolPlugin 9521.c06a706442d918057ae1.js generate SourceMap
<s> [webpack.Progress] 92% sealing asset processing SourceMapDevToolPlugin 9521.c06a706442d918057ae1.js generated SourceMap
<s> [webpack.Progress] 92% sealing asset processing SourceMapDevToolPlugin 5648.419bfb371470b4748876.js generate SourceMap
<s> [webpack.Progress] 92% sealing asset processing SourceMapDevToolPlugin 5648.419bfb371470b4748876.js generated SourceMap
<s> [webpack.Progress] 92% sealing asset processing SourceMapDevToolPlugin 680.bf4b3c30fb8bc3dd49ff.js generate SourceMap
<s> [webpack.Progress] 92% sealing asset processing SourceMapDevToolPlugin 680.bf4b3c30fb8bc3dd49ff.js generated SourceMap
<s> [webpack.Progress] 92% sealing asset processing SourceMapDevToolPlugin 3082.a9482ddb8107f53143d3.js generate SourceMap
<s> [webpack.Progress] 92% sealing asset processing SourceMapDevToolPlugin 3082.a9482ddb8107f53143d3.js generated SourceMap
<s> [webpack.Progress] 92% sealing asset processing SourceMapDevToolPlugin 9538.a319c4bdd1aa560c5ed2.js generate SourceMap
<s> [webpack.Progress] 92% sealing asset processing SourceMapDevToolPlugin 9538.a319c4bdd1aa560c5ed2.js generated SourceMap
<s> [webpack.Progress] 92% sealing asset processing SourceMapDevToolPlugin 2288.5380c2c71282fc7d083d.js generate SourceMap
<s> [webpack.Progress] 92% sealing asset processing SourceMapDevToolPlugin 2288.5380c2c71282fc7d083d.js generated SourceMap
<s> [webpack.Progress] 92% sealing asset processing SourceMapDevToolPlugin grafana.react-monaco-editor.48bc66281043c8390754.css generate SourceMap
<s> [webpack.Progress] 92% sealing asset processing SourceMapDevToolPlugin grafana.react-monaco-editor.48bc66281043c8390754.css generated SourceMap
<s> [webpack.Progress] 92% sealing asset processing SourceMapDevToolPlugin graphitePlugin.d8efc9275412529a7295.js generate SourceMap
<s> [webpack.Progress] 92% sealing asset processing SourceMapDevToolPlugin graphitePlugin.d8efc9275412529a7295.js generated SourceMap
<s> [webpack.Progress] 92% sealing asset processing SourceMapDevToolPlugin grafana.cloudwatchPlugin.fda092931129102674bf.css generate SourceMap
<s> [webpack.Progress] 92% sealing asset processing SourceMapDevToolPlugin grafana.cloudwatchPlugin.fda092931129102674bf.css generated SourceMap
<s> [webpack.Progress] 92% sealing asset processing SourceMapDevToolPlugin cloudwatchPlugin.b874fe5192a9b414e53d.js generate SourceMap
<s> [webpack.Progress] 92% sealing asset processing SourceMapDevToolPlugin cloudwatchPlugin.b874fe5192a9b414e53d.js generated SourceMap
<s> [webpack.Progress] 92% sealing asset processing SourceMapDevToolPlugin 6979.f469cbcfc74975f987e0.js generate SourceMap
<s> [webpack.Progress] 92% sealing asset processing SourceMapDevToolPlugin 6979.f469cbcfc74975f987e0.js generated SourceMap
<s> [webpack.Progress] 92% sealing asset processing SourceMapDevToolPlugin grafana.elasticsearchPlugin.fda092931129102674bf.css generate SourceMap
<s> [webpack.Progress] 92% sealing asset processing SourceMapDevToolPlugin grafana.elasticsearchPlugin.fda092931129102674bf.css generated SourceMap
<s> [webpack.Progress] 92% sealing asset processing SourceMapDevToolPlugin elasticsearchPlugin.82b6ee7ab4f68d6203cf.js generate SourceMap
<s> [webpack.Progress] 92% sealing asset processing SourceMapDevToolPlugin elasticsearchPlugin.82b6ee7ab4f68d6203cf.js generated SourceMap
<s> [webpack.Progress] 92% sealing asset processing SourceMapDevToolPlugin opentsdbPlugin.92f425aed5eb0bd3be65.js generate SourceMap
<s> [webpack.Progress] 92% sealing asset processing SourceMapDevToolPlugin opentsdbPlugin.92f425aed5eb0bd3be65.js generated SourceMap
<s> [webpack.Progress] 92% sealing asset processing SourceMapDevToolPlugin grafanaPlugin.dd2fb6c5ef480df189e5.js generate SourceMap
<s> [webpack.Progress] 92% sealing asset processing SourceMapDevToolPlugin grafanaPlugin.dd2fb6c5ef480df189e5.js generated SourceMap
<s> [webpack.Progress] 92% sealing asset processing SourceMapDevToolPlugin influxdbPlugin.116d52b94948dddae06e.js generate SourceMap
<s> [webpack.Progress] 92% sealing asset processing SourceMapDevToolPlugin influxdbPlugin.116d52b94948dddae06e.js generated SourceMap
<s> [webpack.Progress] 92% sealing asset processing SourceMapDevToolPlugin lokiPlugin.9de141211aa53e5b30f6.js generate SourceMap
<s> [webpack.Progress] 92% sealing asset processing SourceMapDevToolPlugin lokiPlugin.9de141211aa53e5b30f6.js generated SourceMap
<s> [webpack.Progress] 92% sealing asset processing SourceMapDevToolPlugin mixedPlugin.7fca93ceae84493e5a82.js generate SourceMap
<s> [webpack.Progress] 92% sealing asset processing SourceMapDevToolPlugin mixedPlugin.7fca93ceae84493e5a82.js generated SourceMap
<s> [webpack.Progress] 92% sealing asset processing SourceMapDevToolPlugin grafana.prometheusPlugin.fda092931129102674bf.css generate SourceMap
<s> [webpack.Progress] 92% sealing asset processing SourceMapDevToolPlugin grafana.prometheusPlugin.fda092931129102674bf.css generated SourceMap
<s> [webpack.Progress] 92% sealing asset processing SourceMapDevToolPlugin prometheusPlugin.f2cbf4261d275c3ab359.js generate SourceMap
<s> [webpack.Progress] 92% sealing asset processing SourceMapDevToolPlugin prometheusPlugin.f2cbf4261d275c3ab359.js generated SourceMap
<s> [webpack.Progress] 92% sealing asset processing SourceMapDevToolPlugin grafana.alertmanagerPlugin.fda092931129102674bf.css generate SourceMap
<s> [webpack.Progress] 92% sealing asset processing SourceMapDevToolPlugin grafana.alertmanagerPlugin.fda092931129102674bf.css generated SourceMap
<s> [webpack.Progress] 92% sealing asset processing SourceMapDevToolPlugin alertmanagerPlugin.79f1adbe0cc409037034.js generate SourceMap
<s> [webpack.Progress] 92% sealing asset processing SourceMapDevToolPlugin alertmanagerPlugin.79f1adbe0cc409037034.js generated SourceMap
<s> [webpack.Progress] 92% sealing asset processing SourceMapDevToolPlugin alertListPanel.1b56c0d002d2b39924ab.js generate SourceMap
<s> [webpack.Progress] 92% sealing asset processing SourceMapDevToolPlugin alertListPanel.1b56c0d002d2b39924ab.js generated SourceMap
<s> [webpack.Progress] 92% sealing asset processing SourceMapDevToolPlugin annoListPanel.8dc1d7890225e62f58ab.js generate SourceMap
<s> [webpack.Progress] 92% sealing asset processing SourceMapDevToolPlugin annoListPanel.8dc1d7890225e62f58ab.js generated SourceMap
<s> [webpack.Progress] 92% sealing asset processing SourceMapDevToolPlugin barChartPanel.2ea3db40a669c907c839.js generate SourceMap
<s> [webpack.Progress] 92% sealing asset processing SourceMapDevToolPlugin barChartPanel.2ea3db40a669c907c839.js generated SourceMap
<s> [webpack.Progress] 92% sealing asset processing SourceMapDevToolPlugin barGaugePanel.9bfffa0780c88b090578.js generate SourceMap
<s> [webpack.Progress] 92% sealing asset processing SourceMapDevToolPlugin barGaugePanel.9bfffa0780c88b090578.js generated SourceMap
<s> [webpack.Progress] 92% sealing asset processing SourceMapDevToolPlugin candlestickPanel.57b8f2f0267ddb64e406.js generate SourceMap
<s> [webpack.Progress] 92% sealing asset processing SourceMapDevToolPlugin candlestickPanel.57b8f2f0267ddb64e406.js generated SourceMap
<s> [webpack.Progress] 92% sealing asset processing SourceMapDevToolPlugin dashListPanel.588a406ed5a7c52d14d5.js generate SourceMap
<s> [webpack.Progress] 92% sealing asset processing SourceMapDevToolPlugin dashListPanel.588a406ed5a7c52d14d5.js generated SourceMap
<s> [webpack.Progress] 92% sealing asset processing SourceMapDevToolPlugin grafana.dataGridPanel.def551255b4f506ed3d2.css generate SourceMap
<s> [webpack.Progress] 92% sealing asset processing SourceMapDevToolPlugin grafana.dataGridPanel.def551255b4f506ed3d2.css generated SourceMap
<s> [webpack.Progress] 92% sealing asset processing SourceMapDevToolPlugin dataGridPanel.df5d262ebb82a6516da6.js generate SourceMap
<s> [webpack.Progress] 92% sealing asset processing SourceMapDevToolPlugin dataGridPanel.df5d262ebb82a6516da6.js generated SourceMap
<s> [webpack.Progress] 92% sealing asset processing SourceMapDevToolPlugin debugPanel.937616c585e724d3afa7.js generate SourceMap
<s> [webpack.Progress] 92% sealing asset processing SourceMapDevToolPlugin debugPanel.937616c585e724d3afa7.js generated SourceMap
<s> [webpack.Progress] 92% sealing asset processing SourceMapDevToolPlugin flamegraphPanel.03b3b263a2c5a06afea4.js generate SourceMap
<s> [webpack.Progress] 92% sealing asset processing SourceMapDevToolPlugin flamegraphPanel.03b3b263a2c5a06afea4.js generated SourceMap
<s> [webpack.Progress] 92% sealing asset processing SourceMapDevToolPlugin gettingStartedPanel.fde70d8e7c0016c241b3.js generate SourceMap
<s> [webpack.Progress] 92% sealing asset processing SourceMapDevToolPlugin gettingStartedPanel.fde70d8e7c0016c241b3.js generated SourceMap
<s> [webpack.Progress] 92% sealing asset processing SourceMapDevToolPlugin histogramPanel.e0b9105637a4a37cb645.js generate SourceMap
<s> [webpack.Progress] 92% sealing asset processing SourceMapDevToolPlugin histogramPanel.e0b9105637a4a37cb645.js generated SourceMap
<s> [webpack.Progress] 92% sealing asset processing SourceMapDevToolPlugin livePanel.f1f9a1ed9046898d682d.js generate SourceMap
<s> [webpack.Progress] 92% sealing asset processing SourceMapDevToolPlugin livePanel.f1f9a1ed9046898d682d.js generated SourceMap
<s> [webpack.Progress] 92% sealing asset processing SourceMapDevToolPlugin logsPanel.4871e37a6029bb887046.js generate SourceMap
<s> [webpack.Progress] 92% sealing asset processing SourceMapDevToolPlugin logsPanel.4871e37a6029bb887046.js generated SourceMap
<s> [webpack.Progress] 92% sealing asset processing SourceMapDevToolPlugin newsPanel.341218edfce1a21843c7.js generate SourceMap
<s> [webpack.Progress] 92% sealing asset processing SourceMapDevToolPlugin newsPanel.341218edfce1a21843c7.js generated SourceMap
<s> [webpack.Progress] 92% sealing asset processing SourceMapDevToolPlugin pieChartPanel.42ad80cd335d96f2b780.js generate SourceMap
<s> [webpack.Progress] 92% sealing asset processing SourceMapDevToolPlugin pieChartPanel.42ad80cd335d96f2b780.js generated SourceMap
<s> [webpack.Progress] 92% sealing asset processing SourceMapDevToolPlugin stateTimelinePanel.0dc70f354f9a9add2fd5.js generate SourceMap
<s> [webpack.Progress] 92% sealing asset processing SourceMapDevToolPlugin stateTimelinePanel.0dc70f354f9a9add2fd5.js generated SourceMap
<s> [webpack.Progress] 92% sealing asset processing SourceMapDevToolPlugin statusHistoryPanel.b28675d46a940733f0cb.js generate SourceMap
<s> [webpack.Progress] 92% sealing asset processing SourceMapDevToolPlugin statusHistoryPanel.b28675d46a940733f0cb.js generated SourceMap
<s> [webpack.Progress] 92% sealing asset processing SourceMapDevToolPlugin tablePanel.4fe23f0fe3df69c1226a.js generate SourceMap
<s> [webpack.Progress] 92% sealing asset processing SourceMapDevToolPlugin tablePanel.4fe23f0fe3df69c1226a.js generated SourceMap
<s> [webpack.Progress] 92% sealing asset processing SourceMapDevToolPlugin textPanel.3c0019013b86e813e04d.js generate SourceMap
<s> [webpack.Progress] 92% sealing asset processing SourceMapDevToolPlugin textPanel.3c0019013b86e813e04d.js generated SourceMap
<s> [webpack.Progress] 92% sealing asset processing SourceMapDevToolPlugin timeseriesPanel.ae96c53b54490fc765ec.js generate SourceMap
<s> [webpack.Progress] 92% sealing asset processing SourceMapDevToolPlugin timeseriesPanel.ae96c53b54490fc765ec.js generated SourceMap
<s> [webpack.Progress] 92% sealing asset processing SourceMapDevToolPlugin tracesPanel.682809a8288bc801a822.js generate SourceMap
<s> [webpack.Progress] 92% sealing asset processing SourceMapDevToolPlugin tracesPanel.682809a8288bc801a822.js generated SourceMap
<s> [webpack.Progress] 92% sealing asset processing SourceMapDevToolPlugin trendPanel.5c9b50852e49395625ea.js generate SourceMap
<s> [webpack.Progress] 92% sealing asset processing SourceMapDevToolPlugin trendPanel.5c9b50852e49395625ea.js generated SourceMap
<s> [webpack.Progress] 92% sealing asset processing SourceMapDevToolPlugin welcomeBanner.34ae869aa835a85a26fc.js generate SourceMap
<s> [webpack.Progress] 92% sealing asset processing SourceMapDevToolPlugin welcomeBanner.34ae869aa835a85a26fc.js generated SourceMap
<s> [webpack.Progress] 92% sealing asset processing SourceMapDevToolPlugin grafana.geomapPanel.28145b7a7df0c006fd21.css generate SourceMap
<s> [webpack.Progress] 92% sealing asset processing SourceMapDevToolPlugin grafana.geomapPanel.28145b7a7df0c006fd21.css generated SourceMap
<s> [webpack.Progress] 92% sealing asset processing SourceMapDevToolPlugin geomapPanel.2538fd21282690905701.js generate SourceMap
<s> [webpack.Progress] 92% sealing asset processing SourceMapDevToolPlugin geomapPanel.2538fd21282690905701.js generated SourceMap
<s> [webpack.Progress] 92% sealing asset processing SourceMapDevToolPlugin canvasPanel.787d2a95206480c7d776.js generate SourceMap
<s> [webpack.Progress] 92% sealing asset processing SourceMapDevToolPlugin canvasPanel.787d2a95206480c7d776.js generated SourceMap
<s> [webpack.Progress] 92% sealing asset processing SourceMapDevToolPlugin graphPlugin.e49f27d6dfbf79ab19f6.js generate SourceMap
<s> [webpack.Progress] 92% sealing asset processing SourceMapDevToolPlugin graphPlugin.e49f27d6dfbf79ab19f6.js generated SourceMap
<s> [webpack.Progress] 92% sealing asset processing SourceMapDevToolPlugin xychart.f60a477fef6157b3b75f.js generate SourceMap
<s> [webpack.Progress] 92% sealing asset processing SourceMapDevToolPlugin xychart.f60a477fef6157b3b75f.js generated SourceMap
<s> [webpack.Progress] 92% sealing asset processing SourceMapDevToolPlugin heatmapPanel.5519f99af635b810e7ed.js generate SourceMap
<s> [webpack.Progress] 92% sealing asset processing SourceMapDevToolPlugin heatmapPanel.5519f99af635b810e7ed.js generated SourceMap
<s> [webpack.Progress] 92% sealing asset processing SourceMapDevToolPlugin tableOldPlugin.e914b3442127d3db3ce3.js generate SourceMap
<s> [webpack.Progress] 92% sealing asset processing SourceMapDevToolPlugin tableOldPlugin.e914b3442127d3db3ce3.js generated SourceMap
<s> [webpack.Progress] 92% sealing asset processing SourceMapDevToolPlugin nodeGraphPanel.00c064547618f53e30d4.js generate SourceMap
<s> [webpack.Progress] 92% sealing asset processing SourceMapDevToolPlugin nodeGraphPanel.00c064547618f53e30d4.js generated SourceMap
<s> [webpack.Progress] 92% sealing asset processing SourceMapDevToolPlugin grafana.7371.48bc66281043c8390754.css generate SourceMap
<s> [webpack.Progress] 92% sealing asset processing SourceMapDevToolPlugin grafana.7371.48bc66281043c8390754.css generated SourceMap
<s> [webpack.Progress] 92% sealing asset processing SourceMapDevToolPlugin 7371.42ff353ae5949e6961c8.js generate SourceMap
<s> [webpack.Progress] 92% sealing asset processing SourceMapDevToolPlugin 7371.42ff353ae5949e6961c8.js generated SourceMap
<s> [webpack.Progress] 92% sealing asset processing SourceMapDevToolPlugin loki-query-field.db084d6fb9a0204f0108.js generate SourceMap
<s> [webpack.Progress] 92% sealing asset processing SourceMapDevToolPlugin loki-query-field.db084d6fb9a0204f0108.js generated SourceMap
<s> [webpack.Progress] 92% sealing asset processing SourceMapDevToolPlugin 9838.ebf1ee25fce4a7e6a689.js generate SourceMap
<s> [webpack.Progress] 92% sealing asset processing SourceMapDevToolPlugin 9838.ebf1ee25fce4a7e6a689.js generated SourceMap
<s> [webpack.Progress] 92% sealing asset processing SourceMapDevToolPlugin 3686.0f800278e4925ab4e986.js generate SourceMap
<s> [webpack.Progress] 92% sealing asset processing SourceMapDevToolPlugin 3686.0f800278e4925ab4e986.js generated SourceMap
<s> [webpack.Progress] 92% sealing asset processing SourceMapDevToolPlugin 1600.e8ee2e49ae01612c2346.js generate SourceMap
<s> [webpack.Progress] 92% sealing asset processing SourceMapDevToolPlugin 1600.e8ee2e49ae01612c2346.js generated SourceMap
<s> [webpack.Progress] 92% sealing asset processing SourceMapDevToolPlugin 9069.32eb0b9f31f9f3522751.js generate SourceMap
<s> [webpack.Progress] 92% sealing asset processing SourceMapDevToolPlugin 9069.32eb0b9f31f9f3522751.js generated SourceMap
<s> [webpack.Progress] 92% sealing asset processing SourceMapDevToolPlugin 9906.f2106b50d0abf0a1246a.js generate SourceMap
<s> [webpack.Progress] 92% sealing asset processing SourceMapDevToolPlugin 9906.f2106b50d0abf0a1246a.js generated SourceMap
<s> [webpack.Progress] 92% sealing asset processing SourceMapDevToolPlugin 7373.fb4644c0800a53cc155b.js generate SourceMap
<s> [webpack.Progress] 92% sealing asset processing SourceMapDevToolPlugin 7373.fb4644c0800a53cc155b.js generated SourceMap
<s> [webpack.Progress] 92% sealing asset processing SourceMapDevToolPlugin visjs-network.6a0930fbf20ce28a757a.js generate SourceMap
<s> [webpack.Progress] 92% sealing asset processing SourceMapDevToolPlugin visjs-network.6a0930fbf20ce28a757a.js generated SourceMap
<s> [webpack.Progress] 92% sealing asset processing SourceMapDevToolPlugin grafana.7640.191f71a42c0bd81cf929.css generate SourceMap
<s> [webpack.Progress] 92% sealing asset processing SourceMapDevToolPlugin grafana.7640.191f71a42c0bd81cf929.css generated SourceMap
<s> [webpack.Progress] 92% sealing asset processing SourceMapDevToolPlugin 7640.1a100ef0e6320ab0d8e2.js generate SourceMap
<s> [webpack.Progress] 92% sealing asset processing SourceMapDevToolPlugin 7640.1a100ef0e6320ab0d8e2.js generated SourceMap
<s> [webpack.Progress] 92% sealing asset processing SourceMapDevToolPlugin 5995.795497a7c4ef6fc23581.js generate SourceMap
<s> [webpack.Progress] 92% sealing asset processing SourceMapDevToolPlugin 5995.795497a7c4ef6fc23581.js generated SourceMap
<s> [webpack.Progress] 92% sealing asset processing SourceMapDevToolPlugin 1519.bfccad2de7b0b4c7d11c.js generate SourceMap
<s> [webpack.Progress] 92% sealing asset processing SourceMapDevToolPlugin 1519.bfccad2de7b0b4c7d11c.js generated SourceMap
<s> [webpack.Progress] 92% sealing asset processing SourceMapDevToolPlugin 5091.c3b8b4ae157ad8735ffc.js generate SourceMap
<s> [webpack.Progress] 92% sealing asset processing SourceMapDevToolPlugin 5091.c3b8b4ae157ad8735ffc.js generated SourceMap
<s> [webpack.Progress] 92% sealing asset processing SourceMapDevToolPlugin 2975.9291065edf79c02aa023.js generate SourceMap
<s> [webpack.Progress] 92% sealing asset processing SourceMapDevToolPlugin 2975.9291065edf79c02aa023.js generated SourceMap
<s> [webpack.Progress] 92% sealing asset processing SourceMapDevToolPlugin 7887.9f70f9804ec54d03fd5a.js generate SourceMap
<s> [webpack.Progress] 92% sealing asset processing SourceMapDevToolPlugin 7887.9f70f9804ec54d03fd5a.js generated SourceMap
<s> [webpack.Progress] 92% sealing asset processing SourceMapDevToolPlugin grafana.DashboardPageProxy.01601e8336fd4e04031f.css generate SourceMap
<s> [webpack.Progress] 92% sealing asset processing SourceMapDevToolPlugin grafana.DashboardPageProxy.01601e8336fd4e04031f.css generated SourceMap
<s> [webpack.Progress] 92% sealing asset processing SourceMapDevToolPlugin grafana.DashboardPage.01601e8336fd4e04031f.css generate SourceMap
<s> [webpack.Progress] 92% sealing asset processing SourceMapDevToolPlugin grafana.DashboardPage.01601e8336fd4e04031f.css generated SourceMap
<s> [webpack.Progress] 92% sealing asset processing SourceMapDevToolPlugin DashboardPage.d7175d2e2b38a49a2f56.js generate SourceMap
<s> [webpack.Progress] 92% sealing asset processing SourceMapDevToolPlugin DashboardPage.d7175d2e2b38a49a2f56.js generated SourceMap
<s> [webpack.Progress] 92% sealing asset processing SourceMapDevToolPlugin SoloPanelPage.81ac5a0974b124dbfabb.js generate SourceMap
<s> [webpack.Progress] 92% sealing asset processing SourceMapDevToolPlugin SoloPanelPage.81ac5a0974b124dbfabb.js generated SourceMap
<s> [webpack.Progress] 92% sealing asset processing SourceMapDevToolPlugin SoloPanelPageOld.a7fc678971a85edc7d96.js generate SourceMap
<s> [webpack.Progress] 92% sealing asset processing SourceMapDevToolPlugin SoloPanelPageOld.a7fc678971a85edc7d96.js generated SourceMap
<s> [webpack.Progress] 92% sealing asset processing SourceMapDevToolPlugin DashboardImport.d0f2953a9fd800661e0f.js generate SourceMap
<s> [webpack.Progress] 92% sealing asset processing SourceMapDevToolPlugin DashboardImport.d0f2953a9fd800661e0f.js generated SourceMap
<s> [webpack.Progress] 92% sealing asset processing SourceMapDevToolPlugin CorrelationsPage.6d08cb1f0d42a00dcc77.js generate SourceMap
<s> [webpack.Progress] 92% sealing asset processing SourceMapDevToolPlugin CorrelationsPage.6d08cb1f0d42a00dcc77.js generated SourceMap
<s> [webpack.Progress] 92% sealing asset processing SourceMapDevToolPlugin CorrelationsFeatureToggle.c051cea00093032e1515.js generate SourceMap
<s> [webpack.Progress] 92% sealing asset processing SourceMapDevToolPlugin CorrelationsFeatureToggle.c051cea00093032e1515.js generated SourceMap
<s> [webpack.Progress] 92% sealing asset processing SourceMapDevToolPlugin DashboardListPage.1dea521fca271bce5371.js generate SourceMap
<s> [webpack.Progress] 92% sealing asset processing SourceMapDevToolPlugin DashboardListPage.1dea521fca271bce5371.js generated SourceMap
<s> [webpack.Progress] 92% sealing asset processing SourceMapDevToolPlugin explore.cebe35f3d9713ea2a54c.js generate SourceMap
<s> [webpack.Progress] 92% sealing asset processing SourceMapDevToolPlugin explore.cebe35f3d9713ea2a54c.js generated SourceMap
<s> [webpack.Progress] 92% sealing asset processing SourceMapDevToolPlugin explore-feature-toggle-page.8852d1fbdf0006dd8fd7.js generate SourceMap
<s> [webpack.Progress] 92% sealing asset processing SourceMapDevToolPlugin explore-feature-toggle-page.8852d1fbdf0006dd8fd7.js generated SourceMap
<s> [webpack.Progress] 92% sealing asset processing SourceMapDevToolPlugin PluginExtensionsLog.d9c6add1161e638181b1.js generate SourceMap
<s> [webpack.Progress] 92% sealing asset processing SourceMapDevToolPlugin PluginExtensionsLog.d9c6add1161e638181b1.js generated SourceMap
<s> [webpack.Progress] 92% sealing asset processing SourceMapDevToolPlugin OrgDetailsPage.a61dcfe9725d3db8e30f.js generate SourceMap
<s> [webpack.Progress] 92% sealing asset processing SourceMapDevToolPlugin OrgDetailsPage.a61dcfe9725d3db8e30f.js generated SourceMap
<s> [webpack.Progress] 92% sealing asset processing SourceMapDevToolPlugin NewOrgPage.cd28f83406c4a18b7362.js generate SourceMap
<s> [webpack.Progress] 92% sealing asset processing SourceMapDevToolPlugin NewOrgPage.cd28f83406c4a18b7362.js generated SourceMap
<s> [webpack.Progress] 92% sealing asset processing SourceMapDevToolPlugin UserInvitePage.249b21be585a2d6ae6e7.js generate SourceMap
<s> [webpack.Progress] 92% sealing asset processing SourceMapDevToolPlugin UserInvitePage.249b21be585a2d6ae6e7.js generated SourceMap
<s> [webpack.Progress] 92% sealing asset processing SourceMapDevToolPlugin ApiKeysPage.357fc37658ea38c7779c.js generate SourceMap
<s> [webpack.Progress] 92% sealing asset processing SourceMapDevToolPlugin ApiKeysPage.357fc37658ea38c7779c.js generated SourceMap
<s> [webpack.Progress] 92% sealing asset processing SourceMapDevToolPlugin ServiceAccountsPage.f4bf8bfeecb6851c82d0.js generate SourceMap
<s> [webpack.Progress] 92% sealing asset processing SourceMapDevToolPlugin ServiceAccountsPage.f4bf8bfeecb6851c82d0.js generated SourceMap
<s> [webpack.Progress] 92% sealing asset processing SourceMapDevToolPlugin ServiceAccountCreatePage.0f34e796fb3c3684d4a2.js generate SourceMap
<s> [webpack.Progress] 92% sealing asset processing SourceMapDevToolPlugin ServiceAccountCreatePage.0f34e796fb3c3684d4a2.js generated SourceMap
<s> [webpack.Progress] 92% sealing asset processing SourceMapDevToolPlugin ServiceAccountPage.e91274869f0172a7ef98.js generate SourceMap
<s> [webpack.Progress] 92% sealing asset processing SourceMapDevToolPlugin ServiceAccountPage.e91274869f0172a7ef98.js generated SourceMap
<s> [webpack.Progress] 92% sealing asset processing SourceMapDevToolPlugin TeamList.d424225e995981f59cb5.js generate SourceMap
<s> [webpack.Progress] 92% sealing asset processing SourceMapDevToolPlugin TeamList.d424225e995981f59cb5.js generated SourceMap
<s> [webpack.Progress] 92% sealing asset processing SourceMapDevToolPlugin CreateTeam.3f8ccc8e1716a873b2a3.js generate SourceMap
<s> [webpack.Progress] 92% sealing asset processing SourceMapDevToolPlugin CreateTeam.3f8ccc8e1716a873b2a3.js generated SourceMap
<s> [webpack.Progress] 92% sealing asset processing SourceMapDevToolPlugin TeamPages.aaced40e9cb8d5161d73.js generate SourceMap
<s> [webpack.Progress] 92% sealing asset processing SourceMapDevToolPlugin TeamPages.aaced40e9cb8d5161d73.js generated SourceMap
<s> [webpack.Progress] 92% sealing asset processing SourceMapDevToolPlugin AdminAuthentication.2257807e22286f7be219.js generate SourceMap
<s> [webpack.Progress] 92% sealing asset processing SourceMapDevToolPlugin AdminAuthentication.2257807e22286f7be219.js generated SourceMap
<s> [webpack.Progress] 92% sealing asset processing SourceMapDevToolPlugin LdapSettingsPage.b5e4856214f0c27e17d3.js generate SourceMap
<s> [webpack.Progress] 92% sealing asset processing SourceMapDevToolPlugin LdapSettingsPage.b5e4856214f0c27e17d3.js generated SourceMap
<s> [webpack.Progress] 92% sealing asset processing SourceMapDevToolPlugin AdminSettings.e617c7f91658d6ae20f5.js generate SourceMap
<s> [webpack.Progress] 92% sealing asset processing SourceMapDevToolPlugin AdminSettings.e617c7f91658d6ae20f5.js generated SourceMap
<s> [webpack.Progress] 92% sealing asset processing SourceMapDevToolPlugin 9208.26369c559c80c6154aea.js generate SourceMap
<s> [webpack.Progress] 92% sealing asset processing SourceMapDevToolPlugin 9208.26369c559c80c6154aea.js generated SourceMap
<s> [webpack.Progress] 92% sealing asset processing SourceMapDevToolPlugin UserListPage.342059d2442012ecc432.js generate SourceMap
<s> [webpack.Progress] 92% sealing asset processing SourceMapDevToolPlugin UserListPage.342059d2442012ecc432.js generated SourceMap
<s> [webpack.Progress] 92% sealing asset processing SourceMapDevToolPlugin UserCreatePage.f2e7ab80f41378847eb7.js generate SourceMap
<s> [webpack.Progress] 92% sealing asset processing SourceMapDevToolPlugin UserCreatePage.f2e7ab80f41378847eb7.js generated SourceMap
<s> [webpack.Progress] 92% sealing asset processing SourceMapDevToolPlugin UserAdminPage.e5e8e08b71ceacda6013.js generate SourceMap
<s> [webpack.Progress] 92% sealing asset processing SourceMapDevToolPlugin UserAdminPage.e5e8e08b71ceacda6013.js generated SourceMap
<s> [webpack.Progress] 92% sealing asset processing SourceMapDevToolPlugin AdminListOrgsPage.0b78cc4fe4bf176dc51e.js generate SourceMap
<s> [webpack.Progress] 92% sealing asset processing SourceMapDevToolPlugin AdminListOrgsPage.0b78cc4fe4bf176dc51e.js generated SourceMap
<s> [webpack.Progress] 92% sealing asset processing SourceMapDevToolPlugin AdminEditOrgPage.28528d4b371449c43e82.js generate SourceMap
<s> [webpack.Progress] 92% sealing asset processing SourceMapDevToolPlugin AdminEditOrgPage.28528d4b371449c43e82.js generated SourceMap
<s> [webpack.Progress] 92% sealing asset processing SourceMapDevToolPlugin AdminFeatureTogglesPage.1458cf01c29d4c7f8d74.js generate SourceMap
<s> [webpack.Progress] 92% sealing asset processing SourceMapDevToolPlugin AdminFeatureTogglesPage.1458cf01c29d4c7f8d74.js generated SourceMap
<s> [webpack.Progress] 92% sealing asset processing SourceMapDevToolPlugin ServerStats.3ad316e4fb81fa87a202.js generate SourceMap
<s> [webpack.Progress] 92% sealing asset processing SourceMapDevToolPlugin ServerStats.3ad316e4fb81fa87a202.js generated SourceMap
<s> [webpack.Progress] 92% sealing asset processing SourceMapDevToolPlugin MigrateToCloud.7c041af40cb77c8ef723.js generate SourceMap
<s> [webpack.Progress] 92% sealing asset processing SourceMapDevToolPlugin MigrateToCloud.7c041af40cb77c8ef723.js generated SourceMap
<s> [webpack.Progress] 92% sealing asset processing SourceMapDevToolPlugin LoginPage.64955c6a93e71a004a8a.js generate SourceMap
<s> [webpack.Progress] 92% sealing asset processing SourceMapDevToolPlugin LoginPage.64955c6a93e71a004a8a.js generated SourceMap
<s> [webpack.Progress] 92% sealing asset processing SourceMapDevToolPlugin SignupInvited.a8b41cbbc05309c24dcc.js generate SourceMap
<s> [webpack.Progress] 92% sealing asset processing SourceMapDevToolPlugin SignupInvited.a8b41cbbc05309c24dcc.js generated SourceMap
<s> [webpack.Progress] 92% sealing asset processing SourceMapDevToolPlugin 8006.baa08ee759ac745654fd.js generate SourceMap
<s> [webpack.Progress] 92% sealing asset processing SourceMapDevToolPlugin 8006.baa08ee759ac745654fd.js generated SourceMap
<s> [webpack.Progress] 92% sealing asset processing SourceMapDevToolPlugin 6964.89d0b088001c531f746a.js generate SourceMap
<s> [webpack.Progress] 92% sealing asset processing SourceMapDevToolPlugin 6964.89d0b088001c531f746a.js generated SourceMap
<s> [webpack.Progress] 92% sealing asset processing SourceMapDevToolPlugin SendResetMailPage.5397b0a2a3b2412c4bf4.js generate SourceMap
<s> [webpack.Progress] 92% sealing asset processing SourceMapDevToolPlugin SendResetMailPage.5397b0a2a3b2412c4bf4.js generated SourceMap
<s> [webpack.Progress] 92% sealing asset processing SourceMapDevToolPlugin ChangePasswordPage.29e6fc7519fd37351e08.js generate SourceMap
<s> [webpack.Progress] 92% sealing asset processing SourceMapDevToolPlugin ChangePasswordPage.29e6fc7519fd37351e08.js generated SourceMap
<s> [webpack.Progress] 92% sealing asset processing SourceMapDevToolPlugin SnapshotListPage.d85be5679c305fd16ba5.js generate SourceMap
<s> [webpack.Progress] 92% sealing asset processing SourceMapDevToolPlugin SnapshotListPage.d85be5679c305fd16ba5.js generated SourceMap
<s> [webpack.Progress] 92% sealing asset processing SourceMapDevToolPlugin RecentlyDeletedPage.e9ad2e8fab75666a62b3.js generate SourceMap
<s> [webpack.Progress] 92% sealing asset processing SourceMapDevToolPlugin RecentlyDeletedPage.e9ad2e8fab75666a62b3.js generated SourceMap
<s> [webpack.Progress] 92% sealing asset processing SourceMapDevToolPlugin PlaylistPage.bd66d34030ce4bd5bf1e.js generate SourceMap
<s> [webpack.Progress] 92% sealing asset processing SourceMapDevToolPlugin PlaylistPage.bd66d34030ce4bd5bf1e.js generated SourceMap
<s> [webpack.Progress] 92% sealing asset processing SourceMapDevToolPlugin PlaylistStartPage.1eeb5e71429ae48a3663.js generate SourceMap
<s> [webpack.Progress] 92% sealing asset processing SourceMapDevToolPlugin PlaylistStartPage.1eeb5e71429ae48a3663.js generated SourceMap
<s> [webpack.Progress] 92% sealing asset processing SourceMapDevToolPlugin PlaylistNewPage.6010eca7ffd8e8ccaa3d.js generate SourceMap
<s> [webpack.Progress] 92% sealing asset processing SourceMapDevToolPlugin PlaylistNewPage.6010eca7ffd8e8ccaa3d.js generated SourceMap
<s> [webpack.Progress] 92% sealing asset processing SourceMapDevToolPlugin PlaylistEditPage.f571a2528317cd0ccc4b.js generate SourceMap
<s> [webpack.Progress] 92% sealing asset processing SourceMapDevToolPlugin PlaylistEditPage.f571a2528317cd0ccc4b.js generated SourceMap
<s> [webpack.Progress] 92% sealing asset processing SourceMapDevToolPlugin BenchmarksPage.06bb4e8ad876917a739a.js generate SourceMap
<s> [webpack.Progress] 92% sealing asset processing SourceMapDevToolPlugin BenchmarksPage.06bb4e8ad876917a739a.js generated SourceMap
<s> [webpack.Progress] 92% sealing asset processing SourceMapDevToolPlugin TestStuffPage.b284368af927d8bc914b.js generate SourceMap
<s> [webpack.Progress] 92% sealing asset processing SourceMapDevToolPlugin TestStuffPage.b284368af927d8bc914b.js generated SourceMap
<s> [webpack.Progress] 92% sealing asset processing SourceMapDevToolPlugin FolderLibraryPanelsPage.2cbaf9c3dc6ce6db1f1b.js generate SourceMap
<s> [webpack.Progress] 92% sealing asset processing SourceMapDevToolPlugin FolderLibraryPanelsPage.2cbaf9c3dc6ce6db1f1b.js generated SourceMap
<s> [webpack.Progress] 92% sealing asset processing SourceMapDevToolPlugin FolderAlerting.0fdeacc1daa19b053580.js generate SourceMap
<s> [webpack.Progress] 92% sealing asset processing SourceMapDevToolPlugin FolderAlerting.0fdeacc1daa19b053580.js generated SourceMap
<s> [webpack.Progress] 92% sealing asset processing SourceMapDevToolPlugin LibraryPanelsPage.177b3d44a1f95fb97503.js generate SourceMap
<s> [webpack.Progress] 92% sealing asset processing SourceMapDevToolPlugin LibraryPanelsPage.177b3d44a1f95fb97503.js generated SourceMap
<s> [webpack.Progress] 92% sealing asset processing SourceMapDevToolPlugin NotificationsPage.ed175fe97cd77dc9852d.js generate SourceMap
<s> [webpack.Progress] 92% sealing asset processing SourceMapDevToolPlugin NotificationsPage.ed175fe97cd77dc9852d.js generated SourceMap
<s> [webpack.Progress] 92% sealing asset processing SourceMapDevToolPlugin DataTrailsPage.e6aa72f947f041ccd406.js generate SourceMap
<s> [webpack.Progress] 92% sealing asset processing SourceMapDevToolPlugin DataTrailsPage.e6aa72f947f041ccd406.js generated SourceMap
<s> [webpack.Progress] 92% sealing asset processing SourceMapDevToolPlugin BookmarksPage.98c2cdf579cde7ec1c57.js generate SourceMap
<s> [webpack.Progress] 92% sealing asset processing SourceMapDevToolPlugin BookmarksPage.98c2cdf579cde7ec1c57.js generated SourceMap
<s> [webpack.Progress] 92% sealing asset processing SourceMapDevToolPlugin SupportBundles.1ae168f0d169d0d4fe83.js generate SourceMap
<s> [webpack.Progress] 92% sealing asset processing SourceMapDevToolPlugin SupportBundles.1ae168f0d169d0d4fe83.js generated SourceMap
<s> [webpack.Progress] 92% sealing asset processing SourceMapDevToolPlugin SupportBundlesCreate.8b162b697cb007bca413.js generate SourceMap
<s> [webpack.Progress] 92% sealing asset processing SourceMapDevToolPlugin SupportBundlesCreate.8b162b697cb007bca413.js generated SourceMap
<s> [webpack.Progress] 92% sealing asset processing SourceMapDevToolPlugin AlertingHome.da26a58144d3ae29a869.js generate SourceMap
<s> [webpack.Progress] 92% sealing asset processing SourceMapDevToolPlugin AlertingHome.da26a58144d3ae29a869.js generated SourceMap
<s> [webpack.Progress] 92% sealing asset processing SourceMapDevToolPlugin AlertRuleListIndex.37a14104ef5f93fe9289.js generate SourceMap
<s> [webpack.Progress] 92% sealing asset processing SourceMapDevToolPlugin AlertRuleListIndex.37a14104ef5f93fe9289.js generated SourceMap
<s> [webpack.Progress] 92% sealing asset processing SourceMapDevToolPlugin NotificationPoliciesPage.b9e7daf2935888323a60.js generate SourceMap
<s> [webpack.Progress] 92% sealing asset processing SourceMapDevToolPlugin NotificationPoliciesPage.b9e7daf2935888323a60.js generated SourceMap
<s> [webpack.Progress] 92% sealing asset processing SourceMapDevToolPlugin NewMuteTiming.0ff4b56532b8362628fd.js generate SourceMap
<s> [webpack.Progress] 92% sealing asset processing SourceMapDevToolPlugin NewMuteTiming.0ff4b56532b8362628fd.js generated SourceMap
<s> [webpack.Progress] 92% sealing asset processing SourceMapDevToolPlugin EditMuteTiming.8d961c878d86d0b2bcf6.js generate SourceMap
<s> [webpack.Progress] 92% sealing asset processing SourceMapDevToolPlugin EditMuteTiming.8d961c878d86d0b2bcf6.js generated SourceMap
<s> [webpack.Progress] 92% sealing asset processing SourceMapDevToolPlugin SilencesTablePage.cb121660a70f0785f332.js generate SourceMap
<s> [webpack.Progress] 92% sealing asset processing SourceMapDevToolPlugin SilencesTablePage.cb121660a70f0785f332.js generated SourceMap
<s> [webpack.Progress] 92% sealing asset processing SourceMapDevToolPlugin NewSilencePage.d52bfa287c1abb4a33d2.js generate SourceMap
<s> [webpack.Progress] 92% sealing asset processing SourceMapDevToolPlugin NewSilencePage.d52bfa287c1abb4a33d2.js generated SourceMap
<s> [webpack.Progress] 92% sealing asset processing SourceMapDevToolPlugin ContactPoints.f5139e733d88b0df3408.js generate SourceMap
<s> [webpack.Progress] 92% sealing asset processing SourceMapDevToolPlugin ContactPoints.f5139e733d88b0df3408.js generated SourceMap
<s> [webpack.Progress] 92% sealing asset processing SourceMapDevToolPlugin NewReceiverView.4123ba02f5a7554cbda3.js generate SourceMap
<s> [webpack.Progress] 92% sealing asset processing SourceMapDevToolPlugin NewReceiverView.4123ba02f5a7554cbda3.js generated SourceMap
<s> [webpack.Progress] 92% sealing asset processing SourceMapDevToolPlugin EditContactPoint.c7d39b8c21aeb6d0495d.js generate SourceMap
<s> [webpack.Progress] 92% sealing asset processing SourceMapDevToolPlugin EditContactPoint.c7d39b8c21aeb6d0495d.js generated SourceMap
<s> [webpack.Progress] 92% sealing asset processing SourceMapDevToolPlugin Templates.497e64512285b8ca4688.js generate SourceMap
<s> [webpack.Progress] 92% sealing asset processing SourceMapDevToolPlugin Templates.497e64512285b8ca4688.js generated SourceMap
<s> [webpack.Progress] 92% sealing asset processing SourceMapDevToolPlugin GlobalConfig.12ad5441962a1d15f221.js generate SourceMap
<s> [webpack.Progress] 92% sealing asset processing SourceMapDevToolPlugin GlobalConfig.12ad5441962a1d15f221.js generated SourceMap
<s> [webpack.Progress] 92% sealing asset processing SourceMapDevToolPlugin AlertGroups.dfde9ccaf77155993701.js generate SourceMap
<s> [webpack.Progress] 92% sealing asset processing SourceMapDevToolPlugin AlertGroups.dfde9ccaf77155993701.js generated SourceMap
<s> [webpack.Progress] 92% sealing asset processing SourceMapDevToolPlugin HistoryPage.4779a8eab97e6b95f72b.js generate SourceMap
<s> [webpack.Progress] 92% sealing asset processing SourceMapDevToolPlugin HistoryPage.4779a8eab97e6b95f72b.js generated SourceMap
<s> [webpack.Progress] 92% sealing asset processing SourceMapDevToolPlugin AlertingRuleForm.16d29c582a360c43b13d.js generate SourceMap
<s> [webpack.Progress] 92% sealing asset processing SourceMapDevToolPlugin AlertingRuleForm.16d29c582a360c43b13d.js generated SourceMap
<s> [webpack.Progress] 92% sealing asset processing SourceMapDevToolPlugin AlertingRedirectToRule.4daf05ac2d4bc83698ff.js generate SourceMap
<s> [webpack.Progress] 92% sealing asset processing SourceMapDevToolPlugin AlertingRedirectToRule.4daf05ac2d4bc83698ff.js generated SourceMap
<s> [webpack.Progress] 92% sealing asset processing SourceMapDevToolPlugin AlertingSettings.5c85f5acda33bc630225.js generate SourceMap
<s> [webpack.Progress] 92% sealing asset processing SourceMapDevToolPlugin AlertingSettings.5c85f5acda33bc630225.js generated SourceMap
<s> [webpack.Progress] 92% sealing asset processing SourceMapDevToolPlugin AlertingDisabled.b1bbfb5f63ec361eacdb.js generate SourceMap
<s> [webpack.Progress] 92% sealing asset processing SourceMapDevToolPlugin AlertingDisabled.b1bbfb5f63ec361eacdb.js generated SourceMap
<s> [webpack.Progress] 92% sealing asset processing SourceMapDevToolPlugin Connections.c77086841da55e488a15.js generate SourceMap
<s> [webpack.Progress] 92% sealing asset processing SourceMapDevToolPlugin Connections.c77086841da55e488a15.js generated SourceMap
<s> [webpack.Progress] 92% sealing asset processing SourceMapDevToolPlugin PluginListPage.c8e26b3d6fb4c3e27fe5.js generate SourceMap
<s> [webpack.Progress] 92% sealing asset processing SourceMapDevToolPlugin PluginListPage.c8e26b3d6fb4c3e27fe5.js generated SourceMap
<s> [webpack.Progress] 92% sealing asset processing SourceMapDevToolPlugin PluginPage.ec053675ed8347b7fba1.js generate SourceMap
<s> [webpack.Progress] 92% sealing asset processing SourceMapDevToolPlugin PluginPage.ec053675ed8347b7fba1.js generated SourceMap
<s> [webpack.Progress] 92% sealing asset processing SourceMapDevToolPlugin UserProfileEditPage.24639a94e194c77fdde6.js generate SourceMap
<s> [webpack.Progress] 92% sealing asset processing SourceMapDevToolPlugin UserProfileEditPage.24639a94e194c77fdde6.js generated SourceMap
<s> [webpack.Progress] 92% sealing asset processing SourceMapDevToolPlugin 6686.8e159adb20492c0ca70f.js generate SourceMap
<s> [webpack.Progress] 92% sealing asset processing SourceMapDevToolPlugin 6686.8e159adb20492c0ca70f.js generated SourceMap
<s> [webpack.Progress] 92% sealing asset processing SourceMapDevToolPlugin SelectOrgPage.2edb02a07dcb9fb28f2a.js generate SourceMap
<s> [webpack.Progress] 92% sealing asset processing SourceMapDevToolPlugin SelectOrgPage.2edb02a07dcb9fb28f2a.js generated SourceMap
<s> [webpack.Progress] 92% sealing asset processing SourceMapDevToolPlugin ProfileFeatureTogglePage.0cf47215d7c5d817377a.js generate SourceMap
<s> [webpack.Progress] 92% sealing asset processing SourceMapDevToolPlugin ProfileFeatureTogglePage.0cf47215d7c5d817377a.js generated SourceMap
<s> [webpack.Progress] 92% sealing asset processing SourceMapDevToolPlugin ListPublicDashboardPage.654e31692383d4c3bcf8.js generate SourceMap
<s> [webpack.Progress] 92% sealing asset processing SourceMapDevToolPlugin ListPublicDashboardPage.654e31692383d4c3bcf8.js generated SourceMap
<s> [webpack.Progress] 92% sealing asset processing SourceMapDevToolPlugin PublicDashboardPage.3ad5774cc0001a05caba.js generate SourceMap
<s> [webpack.Progress] 92% sealing asset processing SourceMapDevToolPlugin PublicDashboardPage.3ad5774cc0001a05caba.js generated SourceMap
<s> [webpack.Progress] 92% sealing asset processing SourceMapDevToolPlugin AngularApp.11ff31c9b4a2240cc5a5.js generate SourceMap
<s> [webpack.Progress] 92% sealing asset processing SourceMapDevToolPlugin AngularApp.11ff31c9b4a2240cc5a5.js generated SourceMap
<s> [webpack.Progress] 92% sealing asset processing SourceMapDevToolPlugin 3804.be9e3dd73676f73d4778.js generate SourceMap
<s> [webpack.Progress] 92% sealing asset processing SourceMapDevToolPlugin 3804.be9e3dd73676f73d4778.js generated SourceMap
<s> [webpack.Progress] 92% sealing asset processing SourceMapDevToolPlugin 4747.c2a95133e9b8c752a3c6.js generate SourceMap
<s> [webpack.Progress] 92% sealing asset processing SourceMapDevToolPlugin 4747.c2a95133e9b8c752a3c6.js generated SourceMap
<s> [webpack.Progress] 92% sealing asset processing SourceMapDevToolPlugin 1162.6e144d9219f584a3edec.js generate SourceMap
<s> [webpack.Progress] 92% sealing asset processing SourceMapDevToolPlugin 1162.6e144d9219f584a3edec.js generated SourceMap
<s> [webpack.Progress] 92% sealing asset processing SourceMapDevToolPlugin 9044.03f69e1f7e1135678acf.js generate SourceMap
<s> [webpack.Progress] 92% sealing asset processing SourceMapDevToolPlugin 9044.03f69e1f7e1135678acf.js generated SourceMap
<s> [webpack.Progress] 92% sealing asset processing SourceMapDevToolPlugin 4064.8993e2cb9e50e5c9dbeb.js generate SourceMap
<s> [webpack.Progress] 92% sealing asset processing SourceMapDevToolPlugin 4064.8993e2cb9e50e5c9dbeb.js generated SourceMap
<s> [webpack.Progress] 92% sealing asset processing SourceMapDevToolPlugin 2150.35c29153960d711e9896.js generate SourceMap
<s> [webpack.Progress] 92% sealing asset processing SourceMapDevToolPlugin 2150.35c29153960d711e9896.js generated SourceMap
<s> [webpack.Progress] 92% sealing asset processing SourceMapDevToolPlugin 1821.5460994e8c27640a99f6.js generate SourceMap
<s> [webpack.Progress] 92% sealing asset processing SourceMapDevToolPlugin 1821.5460994e8c27640a99f6.js generated SourceMap
<s> [webpack.Progress] 92% sealing asset processing SourceMapDevToolPlugin 3718.818c355befbe36db2a93.js generate SourceMap
<s> [webpack.Progress] 92% sealing asset processing SourceMapDevToolPlugin 3718.818c355befbe36db2a93.js generated SourceMap
<s> [webpack.Progress] 92% sealing asset processing SourceMapDevToolPlugin alert-rules-toolbar-button.9dfd70f7e658d40d083d.js generate SourceMap
<s> [webpack.Progress] 92% sealing asset processing SourceMapDevToolPlugin alert-rules-toolbar-button.9dfd70f7e658d40d083d.js generated SourceMap
<s> [webpack.Progress] 92% sealing asset processing SourceMapDevToolPlugin EmbeddedDashboard.774badc7845cd6103791.js generate SourceMap
<s> [webpack.Progress] 92% sealing asset processing SourceMapDevToolPlugin EmbeddedDashboard.774badc7845cd6103791.js generated SourceMap
<s> [webpack.Progress] 92% sealing asset processing SourceMapDevToolPlugin 5358.2e5bae1dac5e419382e5.js generate SourceMap
<s> [webpack.Progress] 92% sealing asset processing SourceMapDevToolPlugin 5358.2e5bae1dac5e419382e5.js generated SourceMap
<s> [webpack.Progress] 92% sealing asset processing SourceMapDevToolPlugin 1420.bf86748490098cd4bec3.js generate SourceMap
<s> [webpack.Progress] 92% sealing asset processing SourceMapDevToolPlugin 1420.bf86748490098cd4bec3.js generated SourceMap
<s> [webpack.Progress] 92% sealing asset processing SourceMapDevToolPlugin 7048.a14fa6bc64d081f38899.js generate SourceMap
<s> [webpack.Progress] 92% sealing asset processing SourceMapDevToolPlugin 7048.a14fa6bc64d081f38899.js generated SourceMap
<s> [webpack.Progress] 92% sealing asset processing SourceMapDevToolPlugin 3622.01d29b409aabdb29e5fb.js generate SourceMap
<s> [webpack.Progress] 92% sealing asset processing SourceMapDevToolPlugin 3622.01d29b409aabdb29e5fb.js generated SourceMap
<s> [webpack.Progress] 92% sealing asset processing SourceMapDevToolPlugin 6185.9cc9612882a5d727516c.js generate SourceMap
<s> [webpack.Progress] 92% sealing asset processing SourceMapDevToolPlugin 6185.9cc9612882a5d727516c.js generated SourceMap
<s> [webpack.Progress] 92% sealing asset processing SourceMapDevToolPlugin 9510.49ebe25ab99c80c4da38.js generate SourceMap
<s> [webpack.Progress] 92% sealing asset processing SourceMapDevToolPlugin 9510.49ebe25ab99c80c4da38.js generated SourceMap
<s> [webpack.Progress] 92% sealing asset processing SourceMapDevToolPlugin 4334.68c307adc8a971a8d745.js generate SourceMap
<s> [webpack.Progress] 92% sealing asset processing SourceMapDevToolPlugin 4334.68c307adc8a971a8d745.js generated SourceMap
<s> [webpack.Progress] 92% sealing asset processing SourceMapDevToolPlugin 9150.c2757e77b6c34f338d76.js generate SourceMap
<s> [webpack.Progress] 92% sealing asset processing SourceMapDevToolPlugin 9150.c2757e77b6c34f338d76.js generated SourceMap
<s> [webpack.Progress] 92% sealing asset processing SourceMapDevToolPlugin 968.c2cb245eefc8727cbd22.js generate SourceMap
<s> [webpack.Progress] 92% sealing asset processing SourceMapDevToolPlugin 968.c2cb245eefc8727cbd22.js generated SourceMap
<s> [webpack.Progress] 92% sealing asset processing SourceMapDevToolPlugin 6018.194a381f88f920d9e673.js generate SourceMap
<s> [webpack.Progress] 92% sealing asset processing SourceMapDevToolPlugin 6018.194a381f88f920d9e673.js generated SourceMap
<s> [webpack.Progress] 92% sealing asset processing SourceMapDevToolPlugin 9038.f97d8784f8d3a670cc45.js generate SourceMap
<s> [webpack.Progress] 92% sealing asset processing SourceMapDevToolPlugin 9038.f97d8784f8d3a670cc45.js generated SourceMap
<s> [webpack.Progress] 92% sealing asset processing SourceMapDevToolPlugin 1446.61789a727029b16dad21.js generate SourceMap
<s> [webpack.Progress] 92% sealing asset processing SourceMapDevToolPlugin 1446.61789a727029b16dad21.js generated SourceMap
<s> [webpack.Progress] 92% sealing asset processing SourceMapDevToolPlugin 4958.cf404a0f1e3cf4ff91ae.js generate SourceMap
<s> [webpack.Progress] 92% sealing asset processing SourceMapDevToolPlugin 4958.cf404a0f1e3cf4ff91ae.js generated SourceMap
<s> [webpack.Progress] 92% sealing asset processing SourceMapDevToolPlugin 494.cc20f37c7df7e065179f.js generate SourceMap
<s> [webpack.Progress] 92% sealing asset processing SourceMapDevToolPlugin 494.cc20f37c7df7e065179f.js generated SourceMap
<s> [webpack.Progress] 92% sealing asset processing SourceMapDevToolPlugin 3062.ab2f6d292575fd782637.js generate SourceMap
<s> [webpack.Progress] 92% sealing asset processing SourceMapDevToolPlugin 3062.ab2f6d292575fd782637.js generated SourceMap
<s> [webpack.Progress] 92% sealing asset processing SourceMapDevToolPlugin 2692.18a9dd573d3d9126c5b0.js generate SourceMap
<s> [webpack.Progress] 92% sealing asset processing SourceMapDevToolPlugin 2692.18a9dd573d3d9126c5b0.js generated SourceMap
<s> [webpack.Progress] 92% sealing asset processing SourceMapDevToolPlugin 2278.8e946e894b48119d992f.js generate SourceMap
<s> [webpack.Progress] 92% sealing asset processing SourceMapDevToolPlugin 2278.8e946e894b48119d992f.js generated SourceMap
<s> [webpack.Progress] 92% sealing asset processing SourceMapDevToolPlugin 1710.cd73ba9d7a1a0f16f207.js generate SourceMap
<s> [webpack.Progress] 92% sealing asset processing SourceMapDevToolPlugin 1710.cd73ba9d7a1a0f16f207.js generated SourceMap
<s> [webpack.Progress] 92% sealing asset processing SourceMapDevToolPlugin 3726.a4f6b8c38bca438c44fa.js generate SourceMap
<s> [webpack.Progress] 92% sealing asset processing SourceMapDevToolPlugin 3726.a4f6b8c38bca438c44fa.js generated SourceMap
<s> [webpack.Progress] 92% sealing asset processing SourceMapDevToolPlugin 2244.90c82f561c7f82439879.js generate SourceMap
<s> [webpack.Progress] 92% sealing asset processing SourceMapDevToolPlugin 2244.90c82f561c7f82439879.js generated SourceMap
<s> [webpack.Progress] 92% sealing asset processing SourceMapDevToolPlugin 2094.4c999630f22e93a40cf3.js generate SourceMap
<s> [webpack.Progress] 92% sealing asset processing SourceMapDevToolPlugin 2094.4c999630f22e93a40cf3.js generated SourceMap
<s> [webpack.Progress] 92% sealing asset processing SourceMapDevToolPlugin 5364.28dbc782b2b1aa95ea25.js generate SourceMap
<s> [webpack.Progress] 92% sealing asset processing SourceMapDevToolPlugin 5364.28dbc782b2b1aa95ea25.js generated SourceMap
<s> [webpack.Progress] 92% sealing asset processing SourceMapDevToolPlugin 8902.75ba582df7090c2b8e34.js generate SourceMap
<s> [webpack.Progress] 92% sealing asset processing SourceMapDevToolPlugin 8902.75ba582df7090c2b8e34.js generated SourceMap
<s> [webpack.Progress] 92% sealing asset processing SourceMapDevToolPlugin 5455.8dd8d994719433359f8a.js generate SourceMap
<s> [webpack.Progress] 92% sealing asset processing SourceMapDevToolPlugin 5455.8dd8d994719433359f8a.js generated SourceMap
<s> [webpack.Progress] 92% sealing asset processing SourceMapDevToolPlugin 7457.938f14def523450309d5.js generate SourceMap
<s> [webpack.Progress] 92% sealing asset processing SourceMapDevToolPlugin 7457.938f14def523450309d5.js generated SourceMap
<s> [webpack.Progress] 92% sealing asset processing SourceMapDevToolPlugin 2658.c2327bd2da089346ef0e.js generate SourceMap
<s> [webpack.Progress] 92% sealing asset processing SourceMapDevToolPlugin 2658.c2327bd2da089346ef0e.js generated SourceMap
<s> [webpack.Progress] 92% sealing asset processing SourceMapDevToolPlugin 8542.616456dde3cc1b030438.js generate SourceMap
<s> [webpack.Progress] 92% sealing asset processing SourceMapDevToolPlugin 8542.616456dde3cc1b030438.js generated SourceMap
<s> [webpack.Progress] 92% sealing asset processing SourceMapDevToolPlugin 7200.d60fc187fab369d13498.js generate SourceMap
<s> [webpack.Progress] 92% sealing asset processing SourceMapDevToolPlugin 7200.d60fc187fab369d13498.js generated SourceMap
<s> [webpack.Progress] 92% sealing asset processing SourceMapDevToolPlugin 5550.ce9d79590977b4b9b739.js generate SourceMap
<s> [webpack.Progress] 92% sealing asset processing SourceMapDevToolPlugin 5550.ce9d79590977b4b9b739.js generated SourceMap
<s> [webpack.Progress] 92% sealing asset processing SourceMapDevToolPlugin 2962.11567b4d627def1de3c5.js generate SourceMap
<s> [webpack.Progress] 92% sealing asset processing SourceMapDevToolPlugin 2962.11567b4d627def1de3c5.js generated SourceMap
<s> [webpack.Progress] 92% sealing asset processing SourceMapDevToolPlugin 8566.408463425cba3027067d.js generate SourceMap
<s> [webpack.Progress] 92% sealing asset processing SourceMapDevToolPlugin 8566.408463425cba3027067d.js generated SourceMap
<s> [webpack.Progress] 92% sealing asset processing SourceMapDevToolPlugin 1122.a81aea55c7de7062fb8d.js generate SourceMap
<s> [webpack.Progress] 92% sealing asset processing SourceMapDevToolPlugin 1122.a81aea55c7de7062fb8d.js generated SourceMap
<s> [webpack.Progress] 92% sealing asset processing SourceMapDevToolPlugin 5130.deca9d1ea2a7b669bbd5.js generate SourceMap
<s> [webpack.Progress] 92% sealing asset processing SourceMapDevToolPlugin 5130.deca9d1ea2a7b669bbd5.js generated SourceMap
<s> [webpack.Progress] 92% sealing asset processing SourceMapDevToolPlugin 4114.097e5f2a19cb875c21f0.js generate SourceMap
<s> [webpack.Progress] 92% sealing asset processing SourceMapDevToolPlugin 4114.097e5f2a19cb875c21f0.js generated SourceMap
<s> [webpack.Progress] 92% sealing asset processing SourceMapDevToolPlugin 3096.ee4dbd7aec765fcff965.js generate SourceMap
<s> [webpack.Progress] 92% sealing asset processing SourceMapDevToolPlugin 3096.ee4dbd7aec765fcff965.js generated SourceMap
<s> [webpack.Progress] 92% sealing asset processing SourceMapDevToolPlugin 4120.916ee2ae2ea535989e9c.js generate SourceMap
<s> [webpack.Progress] 92% sealing asset processing SourceMapDevToolPlugin 4120.916ee2ae2ea535989e9c.js generated SourceMap
<s> [webpack.Progress] 92% sealing asset processing SourceMapDevToolPlugin 9390.61d00d910ba4890c3c4d.js generate SourceMap
<s> [webpack.Progress] 92% sealing asset processing SourceMapDevToolPlugin 9390.61d00d910ba4890c3c4d.js generated SourceMap
<s> [webpack.Progress] 92% sealing asset processing SourceMapDevToolPlugin 398.6f2697b2294e88aece29.js generate SourceMap
<s> [webpack.Progress] 92% sealing asset processing SourceMapDevToolPlugin 398.6f2697b2294e88aece29.js generated SourceMap
<s> [webpack.Progress] 92% sealing asset processing SourceMapDevToolPlugin 5786.97ecbfe9d19a8793c58d.js generate SourceMap
<s> [webpack.Progress] 92% sealing asset processing SourceMapDevToolPlugin 5786.97ecbfe9d19a8793c58d.js generated SourceMap
<s> [webpack.Progress] 92% sealing asset processing SourceMapDevToolPlugin 7466.3e3efb13a8e00eec8cde.js generate SourceMap
<s> [webpack.Progress] 92% sealing asset processing SourceMapDevToolPlugin 7466.3e3efb13a8e00eec8cde.js generated SourceMap
<s> [webpack.Progress] 92% sealing asset processing SourceMapDevToolPlugin 2686.10fd8c76a8c5f09fa5f8.js generate SourceMap
<s> [webpack.Progress] 92% sealing asset processing SourceMapDevToolPlugin 2686.10fd8c76a8c5f09fa5f8.js generated SourceMap
<s> [webpack.Progress] 92% sealing asset processing SourceMapDevToolPlugin 6940.e1cb284d7e4791ee025a.js generate SourceMap
<s> [webpack.Progress] 92% sealing asset processing SourceMapDevToolPlugin 6940.e1cb284d7e4791ee025a.js generated SourceMap
<s> [webpack.Progress] 92% sealing asset processing SourceMapDevToolPlugin 8230.9621ed06ce47b75cc89e.js generate SourceMap
<s> [webpack.Progress] 92% sealing asset processing SourceMapDevToolPlugin 8230.9621ed06ce47b75cc89e.js generated SourceMap
<s> [webpack.Progress] 92% sealing asset processing SourceMapDevToolPlugin 7886.cf298015689b645d1a00.js generate SourceMap
<s> [webpack.Progress] 92% sealing asset processing SourceMapDevToolPlugin 7886.cf298015689b645d1a00.js generated SourceMap
<s> [webpack.Progress] 92% sealing asset processing SourceMapDevToolPlugin 3182.a0fdeaf07dd1a97bbbbd.js generate SourceMap
<s> [webpack.Progress] 92% sealing asset processing SourceMapDevToolPlugin 3182.a0fdeaf07dd1a97bbbbd.js generated SourceMap
<s> [webpack.Progress] 92% sealing asset processing SourceMapDevToolPlugin 6302.164e4efd44e498b9f015.js generate SourceMap
<s> [webpack.Progress] 92% sealing asset processing SourceMapDevToolPlugin 6302.164e4efd44e498b9f015.js generated SourceMap
<s> [webpack.Progress] 92% sealing asset processing SourceMapDevToolPlugin 8390.04d3cfc17ed1ee192f1f.js generate SourceMap
<s> [webpack.Progress] 92% sealing asset processing SourceMapDevToolPlugin 8390.04d3cfc17ed1ee192f1f.js generated SourceMap
<s> [webpack.Progress] 92% sealing asset processing SourceMapDevToolPlugin 198.28029a885b0b9a9f5e6c.js generate SourceMap
<s> [webpack.Progress] 92% sealing asset processing SourceMapDevToolPlugin 198.28029a885b0b9a9f5e6c.js generated SourceMap
<s> [webpack.Progress] 92% sealing asset processing SourceMapDevToolPlugin 4209.940f3dedfe8b34a36a53.js generate SourceMap
<s> [webpack.Progress] 92% sealing asset processing SourceMapDevToolPlugin 4209.940f3dedfe8b34a36a53.js generated SourceMap
<s> [webpack.Progress] 92% sealing asset processing SourceMapDevToolPlugin 4698.c43c0d45ab181867aeb9.js generate SourceMap
<s> [webpack.Progress] 92% sealing asset processing SourceMapDevToolPlugin 4698.c43c0d45ab181867aeb9.js generated SourceMap
<s> [webpack.Progress] 92% sealing asset processing SourceMapDevToolPlugin 1118.57acf3bd4dad29a5742f.js generate SourceMap
<s> [webpack.Progress] 92% sealing asset processing SourceMapDevToolPlugin 1118.57acf3bd4dad29a5742f.js generated SourceMap
<s> [webpack.Progress] 92% sealing asset processing SourceMapDevToolPlugin 970.df83c0510d27608eb38c.js generate SourceMap
<s> [webpack.Progress] 92% sealing asset processing SourceMapDevToolPlugin 970.df83c0510d27608eb38c.js generated SourceMap
<s> [webpack.Progress] 92% sealing asset processing SourceMapDevToolPlugin 5196.f956901e757e2bb20129.js generate SourceMap
<s> [webpack.Progress] 92% sealing asset processing SourceMapDevToolPlugin 5196.f956901e757e2bb20129.js generated SourceMap
<s> [webpack.Progress] 92% sealing asset processing SourceMapDevToolPlugin 5618.d74957272d238d8be415.js generate SourceMap
<s> [webpack.Progress] 92% sealing asset processing SourceMapDevToolPlugin 5618.d74957272d238d8be415.js generated SourceMap
<s> [webpack.Progress] 92% sealing asset processing SourceMapDevToolPlugin 205.4c69e785974c62511338.js generate SourceMap
<s> [webpack.Progress] 92% sealing asset processing SourceMapDevToolPlugin 205.4c69e785974c62511338.js generated SourceMap
<s> [webpack.Progress] 92% sealing asset processing SourceMapDevToolPlugin 946.b6012c5f8a245689ebd9.js generate SourceMap
<s> [webpack.Progress] 92% sealing asset processing SourceMapDevToolPlugin 946.b6012c5f8a245689ebd9.js generated SourceMap
<s> [webpack.Progress] 92% sealing asset processing SourceMapDevToolPlugin 8990.bfd90dac0f09b31607b0.js generate SourceMap
<s> [webpack.Progress] 92% sealing asset processing SourceMapDevToolPlugin 8990.bfd90dac0f09b31607b0.js generated SourceMap
<s> [webpack.Progress] 92% sealing asset processing SourceMapDevToolPlugin 8177.f97944cc95cbc77d2e52.js generate SourceMap
<s> [webpack.Progress] 92% sealing asset processing SourceMapDevToolPlugin 8177.f97944cc95cbc77d2e52.js generated SourceMap
<s> [webpack.Progress] 92% sealing asset processing SourceMapDevToolPlugin 7246.f8acad8867014dc555c2.js generate SourceMap
<s> [webpack.Progress] 92% sealing asset processing SourceMapDevToolPlugin 7246.f8acad8867014dc555c2.js generated SourceMap
<s> [webpack.Progress] 92% sealing asset processing SourceMapDevToolPlugin 1560.4733b182e471d1f175c5.js generate SourceMap
<s> [webpack.Progress] 92% sealing asset processing SourceMapDevToolPlugin 1560.4733b182e471d1f175c5.js generated SourceMap
<s> [webpack.Progress] 92% sealing asset processing SourceMapDevToolPlugin 4680.abb56cd47ef9b2c87e98.js generate SourceMap
<s> [webpack.Progress] 92% sealing asset processing SourceMapDevToolPlugin 4680.abb56cd47ef9b2c87e98.js generated SourceMap
<s> [webpack.Progress] 92% sealing asset processing SourceMapDevToolPlugin 4962.cbc4f9f21b82b9055356.js generate SourceMap
<s> [webpack.Progress] 92% sealing asset processing SourceMapDevToolPlugin 4962.cbc4f9f21b82b9055356.js generated SourceMap
<s> [webpack.Progress] 92% sealing asset processing SourceMapDevToolPlugin 6446.80c1634bb1157350ca5b.js generate SourceMap
<s> [webpack.Progress] 92% sealing asset processing SourceMapDevToolPlugin 6446.80c1634bb1157350ca5b.js generated SourceMap
<s> [webpack.Progress] 92% sealing asset processing SourceMapDevToolPlugin 8494.74c2005f6d017b49f9f7.js generate SourceMap
<s> [webpack.Progress] 92% sealing asset processing SourceMapDevToolPlugin 8494.74c2005f6d017b49f9f7.js generated SourceMap
<s> [webpack.Progress] 92% sealing asset processing SourceMapDevToolPlugin 1888.51899f7511729de0a8a1.js generate SourceMap
<s> [webpack.Progress] 92% sealing asset processing SourceMapDevToolPlugin 1888.51899f7511729de0a8a1.js generated SourceMap
<s> [webpack.Progress] 92% sealing asset processing SourceMapDevToolPlugin 9034.0d91da19143eb34d4957.js generate SourceMap
<s> [webpack.Progress] 92% sealing asset processing SourceMapDevToolPlugin 9034.0d91da19143eb34d4957.js generated SourceMap
<s> [webpack.Progress] 92% sealing asset processing SourceMapDevToolPlugin 3042.448eae70045e8c5b2bbd.js generate SourceMap
<s> [webpack.Progress] 92% sealing asset processing SourceMapDevToolPlugin 3042.448eae70045e8c5b2bbd.js generated SourceMap
<s> [webpack.Progress] 92% sealing asset processing SourceMapDevToolPlugin 8332.86c83bf24bbb269ee884.js generate SourceMap
<s> [webpack.Progress] 92% sealing asset processing SourceMapDevToolPlugin 8332.86c83bf24bbb269ee884.js generated SourceMap
<s> [webpack.Progress] 92% sealing asset processing SourceMapDevToolPlugin 1282.27175fb64b4ff209b9fa.js generate SourceMap
<s> [webpack.Progress] 92% sealing asset processing SourceMapDevToolPlugin 1282.27175fb64b4ff209b9fa.js generated SourceMap
<s> [webpack.Progress] 92% sealing asset processing SourceMapDevToolPlugin 1914.9e24bde26c215a5ca59e.js generate SourceMap
<s> [webpack.Progress] 92% sealing asset processing SourceMapDevToolPlugin 1914.9e24bde26c215a5ca59e.js generated SourceMap
<s> [webpack.Progress] 92% sealing asset processing SourceMapDevToolPlugin 8334.13b8bdcfac54fcb203a0.js generate SourceMap
<s> [webpack.Progress] 92% sealing asset processing SourceMapDevToolPlugin 8334.13b8bdcfac54fcb203a0.js generated SourceMap
<s> [webpack.Progress] 92% sealing asset processing SourceMapDevToolPlugin 4630.ad43121e44a95b1b3eee.js generate SourceMap
<s> [webpack.Progress] 92% sealing asset processing SourceMapDevToolPlugin 4630.ad43121e44a95b1b3eee.js generated SourceMap
<s> [webpack.Progress] 92% sealing asset processing SourceMapDevToolPlugin 2398.5e920638e429a5fe35fd.js generate SourceMap
<s> [webpack.Progress] 92% sealing asset processing SourceMapDevToolPlugin 2398.5e920638e429a5fe35fd.js generated SourceMap
<s> [webpack.Progress] 92% sealing asset processing SourceMapDevToolPlugin 6414.b8f4ab6262689f3f881c.js generate SourceMap
<s> [webpack.Progress] 92% sealing asset processing SourceMapDevToolPlugin 6414.b8f4ab6262689f3f881c.js generated SourceMap
<s> [webpack.Progress] 92% sealing asset processing SourceMapDevToolPlugin 2586.097ee8de0a64316cd697.js generate SourceMap
<s> [webpack.Progress] 92% sealing asset processing SourceMapDevToolPlugin 2586.097ee8de0a64316cd697.js generated SourceMap
<s> [webpack.Progress] 92% sealing asset processing SourceMapDevToolPlugin 6830.35a370429b49aa61c5a1.js generate SourceMap
<s> [webpack.Progress] 92% sealing asset processing SourceMapDevToolPlugin 6830.35a370429b49aa61c5a1.js generated SourceMap
<s> [webpack.Progress] 92% sealing asset processing SourceMapDevToolPlugin 1740.8069d7185f39b4b72bff.js generate SourceMap
<s> [webpack.Progress] 92% sealing asset processing SourceMapDevToolPlugin 1740.8069d7185f39b4b72bff.js generated SourceMap
<s> [webpack.Progress] 92% sealing asset processing SourceMapDevToolPlugin 1438.ea44db01ddcb7a921dae.js generate SourceMap
<s> [webpack.Progress] 92% sealing asset processing SourceMapDevToolPlugin 1438.ea44db01ddcb7a921dae.js generated SourceMap
<s> [webpack.Progress] 92% sealing asset processing SourceMapDevToolPlugin 6990.94285dde2b2ed16d8aff.js generate SourceMap
<s> [webpack.Progress] 92% sealing asset processing SourceMapDevToolPlugin 6990.94285dde2b2ed16d8aff.js generated SourceMap
<s> [webpack.Progress] 92% sealing asset processing SourceMapDevToolPlugin 2745.3361116445c527b100af.js generate SourceMap
<s> [webpack.Progress] 92% sealing asset processing SourceMapDevToolPlugin 2745.3361116445c527b100af.js generated SourceMap
<s> [webpack.Progress] 92% sealing asset processing SourceMapDevToolPlugin 2077.78aab55580e060afdc8f.js generate SourceMap
<s> [webpack.Progress] 92% sealing asset processing SourceMapDevToolPlugin 2077.78aab55580e060afdc8f.js generated SourceMap
<s> [webpack.Progress] 92% sealing asset processing SourceMapDevToolPlugin 4839.b8f4f495271cf2fdf06b.js generate SourceMap
<s> [webpack.Progress] 92% sealing asset processing SourceMapDevToolPlugin 4839.b8f4f495271cf2fdf06b.js generated SourceMap
<s> [webpack.Progress] 92% sealing asset processing SourceMapDevToolPlugin 9355.622a75dd8fb0361e1330.js generate SourceMap
<s> [webpack.Progress] 92% sealing asset processing SourceMapDevToolPlugin 9355.622a75dd8fb0361e1330.js generated SourceMap
<s> [webpack.Progress] 92% sealing asset processing SourceMapDevToolPlugin sql-query-editor.54b87a73114b6e80fa5d.js generate SourceMap
<s> [webpack.Progress] 92% sealing asset processing SourceMapDevToolPlugin sql-query-editor.54b87a73114b6e80fa5d.js generated SourceMap
<s> [webpack.Progress] 92% sealing asset processing SourceMapDevToolPlugin 7882.b08dcec2c5060e2f958f.js generate SourceMap
<s> [webpack.Progress] 92% sealing asset processing SourceMapDevToolPlugin 7882.b08dcec2c5060e2f958f.js generated SourceMap
<s> [webpack.Progress] 92% sealing asset processing SourceMapDevToolPlugin 5280.fb0d4a072d1eccf1f036.js generate SourceMap
<s> [webpack.Progress] 92% sealing asset processing SourceMapDevToolPlugin 5280.fb0d4a072d1eccf1f036.js generated SourceMap
<s> [webpack.Progress] 92% sealing asset processing SourceMapDevToolPlugin 2446.7007790c67ed61c19dda.js generate SourceMap
<s> [webpack.Progress] 92% sealing asset processing SourceMapDevToolPlugin 2446.7007790c67ed61c19dda.js generated SourceMap
<s> [webpack.Progress] 92% sealing asset processing SourceMapDevToolPlugin 1183.ec08bdfa586c5798ad4e.js generate SourceMap
<s> [webpack.Progress] 92% sealing asset processing SourceMapDevToolPlugin 1183.ec08bdfa586c5798ad4e.js generated SourceMap
<s> [webpack.Progress] 92% sealing asset processing SourceMapDevToolPlugin 4786.8e964e14ae7d7844eca8.js generate SourceMap
<s> [webpack.Progress] 92% sealing asset processing SourceMapDevToolPlugin 4786.8e964e14ae7d7844eca8.js generated SourceMap
<s> [webpack.Progress] 92% sealing asset processing SourceMapDevToolPlugin 733.aa5a8e5b80be5314a28a.js generate SourceMap
<s> [webpack.Progress] 92% sealing asset processing SourceMapDevToolPlugin 733.aa5a8e5b80be5314a28a.js generated SourceMap
<s> [webpack.Progress] 92% sealing asset processing SourceMapDevToolPlugin 1855.69864eda50a7ec476d6f.js generate SourceMap
<s> [webpack.Progress] 92% sealing asset processing SourceMapDevToolPlugin 1855.69864eda50a7ec476d6f.js generated SourceMap
<s> [webpack.Progress] 92% sealing asset processing SourceMapDevToolPlugin 3430.692ffa05b9c9de5d580f.js generate SourceMap
<s> [webpack.Progress] 92% sealing asset processing SourceMapDevToolPlugin 3430.692ffa05b9c9de5d580f.js generated SourceMap
<s> [webpack.Progress] 92% sealing asset processing SourceMapDevToolPlugin 8285.bc77059d8c35055a295f.js generate SourceMap
<s> [webpack.Progress] 92% sealing asset processing SourceMapDevToolPlugin 8285.bc77059d8c35055a295f.js generated SourceMap
<s> [webpack.Progress] 92% sealing asset processing SourceMapDevToolPlugin brace.15606c254e327b6131ab.js generate SourceMap
<s> [webpack.Progress] 92% sealing asset processing SourceMapDevToolPlugin brace.15606c254e327b6131ab.js generated SourceMap
<s> [webpack.Progress] 92% sealing asset processing SourceMapDevToolPlugin 6464.24483d49522abc75d9b4.js generate SourceMap
<s> [webpack.Progress] 92% sealing asset processing SourceMapDevToolPlugin 6464.24483d49522abc75d9b4.js generated SourceMap
<s> [webpack.Progress] 92% sealing asset processing SourceMapDevToolPlugin 2694.bc9b09022bb1d27a59c8.js generate SourceMap
<s> [webpack.Progress] 92% sealing asset processing SourceMapDevToolPlugin 2694.bc9b09022bb1d27a59c8.js generated SourceMap
<s> [webpack.Progress] 92% sealing asset processing SourceMapDevToolPlugin 7391.2b55038b2df13c3c8606.js generate SourceMap
<s> [webpack.Progress] 92% sealing asset processing SourceMapDevToolPlugin 7391.2b55038b2df13c3c8606.js generated SourceMap
<s> [webpack.Progress] 92% sealing asset processing SourceMapDevToolPlugin 2228.85702408f9594504f17a.js generate SourceMap
<s> [webpack.Progress] 92% sealing asset processing SourceMapDevToolPlugin 2228.85702408f9594504f17a.js generated SourceMap
<s> [webpack.Progress] 92% sealing asset processing SourceMapDevToolPlugin 2514.1e86dd8544f965415b52.js generate SourceMap
<s> [webpack.Progress] 92% sealing asset processing SourceMapDevToolPlugin 2514.1e86dd8544f965415b52.js generated SourceMap
<s> [webpack.Progress] 92% sealing asset processing SourceMapDevToolPlugin 7515.3c3997c28ebc43733294.js generate SourceMap
<s> [webpack.Progress] 92% sealing asset processing SourceMapDevToolPlugin 7515.3c3997c28ebc43733294.js generated SourceMap
<s> [webpack.Progress] 92% sealing asset processing SourceMapDevToolPlugin 4289.d8113c9700b4ea568760.js generate SourceMap
<s> [webpack.Progress] 92% sealing asset processing SourceMapDevToolPlugin 4289.d8113c9700b4ea568760.js generated SourceMap
<s> [webpack.Progress] 92% sealing asset processing SourceMapDevToolPlugin 1708.39b4c2283e07d91f0028.js generate SourceMap
<s> [webpack.Progress] 92% sealing asset processing SourceMapDevToolPlugin 1708.39b4c2283e07d91f0028.js generated SourceMap
<s> [webpack.Progress] 92% sealing asset processing SourceMapDevToolPlugin 7613.9e8ba6ae41186dc64cdb.js generate SourceMap
<s> [webpack.Progress] 92% sealing asset processing SourceMapDevToolPlugin 7613.9e8ba6ae41186dc64cdb.js generated SourceMap
<s> [webpack.Progress] 92% sealing asset processing SourceMapDevToolPlugin 8730.716d88fdcb58926051a2.js generate SourceMap
<s> [webpack.Progress] 92% sealing asset processing SourceMapDevToolPlugin 8730.716d88fdcb58926051a2.js generated SourceMap
<s> [webpack.Progress] 92% sealing asset processing SourceMapDevToolPlugin 9118.44e357efdd5d06d27fab.js generate SourceMap
<s> [webpack.Progress] 92% sealing asset processing SourceMapDevToolPlugin 9118.44e357efdd5d06d27fab.js generated SourceMap
<s> [webpack.Progress] 92% sealing asset processing SourceMapDevToolPlugin 5277.c37409254bdc83916cb3.js generate SourceMap
<s> [webpack.Progress] 92% sealing asset processing SourceMapDevToolPlugin 5277.c37409254bdc83916cb3.js generated SourceMap
<s> [webpack.Progress] 92% sealing asset processing SourceMapDevToolPlugin 9384.59a771a7c19382207905.js generate SourceMap
<s> [webpack.Progress] 92% sealing asset processing SourceMapDevToolPlugin 9384.59a771a7c19382207905.js generated SourceMap
<s> [webpack.Progress] 92% sealing asset processing SourceMapDevToolPlugin alert-rules-drawer-content.ca28cc30a76b45773001.js generate SourceMap
<s> [webpack.Progress] 92% sealing asset processing SourceMapDevToolPlugin alert-rules-drawer-content.ca28cc30a76b45773001.js generated SourceMap
<s> [webpack.Progress] 92% sealing asset processing SourceMapDevToolPlugin 9000.e714d8465599505c82c2.js generate SourceMap
<s> [webpack.Progress] 92% sealing asset processing SourceMapDevToolPlugin 9000.e714d8465599505c82c2.js generated SourceMap
<s> [webpack.Progress] 92% sealing asset processing SourceMapDevToolPlugin 6029.4ffa3107378eea1ab3e1.js generate SourceMap
<s> [webpack.Progress] 92% sealing asset processing SourceMapDevToolPlugin 6029.4ffa3107378eea1ab3e1.js generated SourceMap
<s> [webpack.Progress] 92% sealing asset processing SourceMapDevToolPlugin 3196.216630c1ef9cab6b7d91.js generate SourceMap
<s> [webpack.Progress] 92% sealing asset processing SourceMapDevToolPlugin 3196.216630c1ef9cab6b7d91.js generated SourceMap
<s> [webpack.Progress] 92% sealing asset processing SourceMapDevToolPlugin 9890.b769cfcf3f7f91d7568f.js generate SourceMap
<s> [webpack.Progress] 92% sealing asset processing SourceMapDevToolPlugin 9890.b769cfcf3f7f91d7568f.js generated SourceMap
<s> [webpack.Progress] 92% sealing asset processing SourceMapDevToolPlugin 5853.ee957ba312bd69d1a41e.js generate SourceMap
<s> [webpack.Progress] 92% sealing asset processing SourceMapDevToolPlugin 5853.ee957ba312bd69d1a41e.js generated SourceMap
<s> [webpack.Progress] 92% sealing asset processing SourceMapDevToolPlugin 5906.99b1e728756e28e119f7.js generate SourceMap
<s> [webpack.Progress] 92% sealing asset processing SourceMapDevToolPlugin 5906.99b1e728756e28e119f7.js generated SourceMap
<s> [webpack.Progress] 92% sealing asset processing SourceMapDevToolPlugin 630.c519eda536b349192b93.js generate SourceMap
<s> [webpack.Progress] 92% sealing asset processing SourceMapDevToolPlugin 630.c519eda536b349192b93.js generated SourceMap
<s> [webpack.Progress] 92% sealing asset processing SourceMapDevToolPlugin 7675.b7410ab172e0ba4e0cb0.js generate SourceMap
<s> [webpack.Progress] 92% sealing asset processing SourceMapDevToolPlugin 7675.b7410ab172e0ba4e0cb0.js generated SourceMap
<s> [webpack.Progress] 92% sealing asset processing SourceMapDevToolPlugin 1085.de2dca4e613bcb855d2c.js generate SourceMap
<s> [webpack.Progress] 92% sealing asset processing SourceMapDevToolPlugin 1085.de2dca4e613bcb855d2c.js generated SourceMap
<s> [webpack.Progress] 92% sealing asset processing SourceMapDevToolPlugin 3171.177d1b5658803779ad36.js generate SourceMap
<s> [webpack.Progress] 92% sealing asset processing SourceMapDevToolPlugin 3171.177d1b5658803779ad36.js generated SourceMap
<s> [webpack.Progress] 92% sealing asset processing SourceMapDevToolPlugin 407.a8072bc1ca3d9f6722be.js generate SourceMap
<s> [webpack.Progress] 92% sealing asset processing SourceMapDevToolPlugin 407.a8072bc1ca3d9f6722be.js generated SourceMap
<s> [webpack.Progress] 92% sealing asset processing SourceMapDevToolPlugin 3169.88dbede90efba9c3f7ba.js generate SourceMap
<s> [webpack.Progress] 92% sealing asset processing SourceMapDevToolPlugin 3169.88dbede90efba9c3f7ba.js generated SourceMap
<s> [webpack.Progress] 92% sealing asset processing SourceMapDevToolPlugin 825.b347cc97a4a01251d12d.js generate SourceMap
<s> [webpack.Progress] 92% sealing asset processing SourceMapDevToolPlugin 825.b347cc97a4a01251d12d.js generated SourceMap
<s> [webpack.Progress] 92% sealing asset processing SourceMapDevToolPlugin 7445.964ddba905da43b66112.js generate SourceMap
<s> [webpack.Progress] 92% sealing asset processing SourceMapDevToolPlugin 7445.964ddba905da43b66112.js generated SourceMap
<s> [webpack.Progress] 92% sealing asset processing SourceMapDevToolPlugin 7788.44947cdaa716d331fecf.js generate SourceMap
<s> [webpack.Progress] 92% sealing asset processing SourceMapDevToolPlugin 7788.44947cdaa716d331fecf.js generated SourceMap
<s> [webpack.Progress] 92% sealing asset processing SourceMapDevToolPlugin 479.4d9239996dcf19366053.js generate SourceMap
<s> [webpack.Progress] 92% sealing asset processing SourceMapDevToolPlugin 479.4d9239996dcf19366053.js generated SourceMap
<s> [webpack.Progress] 92% sealing asset processing SourceMapDevToolPlugin 3496.d582d6f56f9abe68594e.js generate SourceMap
<s> [webpack.Progress] 92% sealing asset processing SourceMapDevToolPlugin 3496.d582d6f56f9abe68594e.js generated SourceMap
<s> [webpack.Progress] 92% sealing asset processing SourceMapDevToolPlugin 3461.1479671aa8a7bbf98472.js generate SourceMap
<s> [webpack.Progress] 92% sealing asset processing SourceMapDevToolPlugin 3461.1479671aa8a7bbf98472.js generated SourceMap
<s> [webpack.Progress] 92% sealing asset processing SourceMapDevToolPlugin 5028.aff11ca8140f9eaebe3d.js generate SourceMap
<s> [webpack.Progress] 92% sealing asset processing SourceMapDevToolPlugin 5028.aff11ca8140f9eaebe3d.js generated SourceMap
<s> [webpack.Progress] 92% sealing asset processing SourceMapDevToolPlugin 5074.f7992870758eaaeb9e53.js generate SourceMap
<s> [webpack.Progress] 92% sealing asset processing SourceMapDevToolPlugin 5074.f7992870758eaaeb9e53.js generated SourceMap
<s> [webpack.Progress] 92% sealing asset processing SourceMapDevToolPlugin 8979.4ffdd269ba0fdfc66c01.js generate SourceMap
<s> [webpack.Progress] 92% sealing asset processing SourceMapDevToolPlugin 8979.4ffdd269ba0fdfc66c01.js generated SourceMap
<s> [webpack.Progress] 92% sealing asset processing SourceMapDevToolPlugin 8022.d56fbd95fe6f7eeea0f0.js generate SourceMap
<s> [webpack.Progress] 92% sealing asset processing SourceMapDevToolPlugin 8022.d56fbd95fe6f7eeea0f0.js generated SourceMap
<s> [webpack.Progress] 92% sealing asset processing SourceMapDevToolPlugin 7396.0b95bd00a764f929e9c1.js generate SourceMap
<s> [webpack.Progress] 92% sealing asset processing SourceMapDevToolPlugin 7396.0b95bd00a764f929e9c1.js generated SourceMap
<s> [webpack.Progress] 92% sealing asset processing SourceMapDevToolPlugin 5085.8b8599681c011fccc6cd.js generate SourceMap
<s> [webpack.Progress] 92% sealing asset processing SourceMapDevToolPlugin 5085.8b8599681c011fccc6cd.js generated SourceMap
<s> [webpack.Progress] 92% sealing asset processing SourceMapDevToolPlugin 9613.9c0e2e4a96cd1b63de09.js generate SourceMap
<s> [webpack.Progress] 92% sealing asset processing SourceMapDevToolPlugin 9613.9c0e2e4a96cd1b63de09.js generated SourceMap
<s> [webpack.Progress] 92% sealing asset processing SourceMapDevToolPlugin 6144.d0239a2a4daa49468c58.js generate SourceMap
<s> [webpack.Progress] 92% sealing asset processing SourceMapDevToolPlugin 6144.d0239a2a4daa49468c58.js generated SourceMap
<s> [webpack.Progress] 92% sealing asset processing SourceMapDevToolPlugin 1595.4b411405624bf0b28cea.js generate SourceMap
<s> [webpack.Progress] 92% sealing asset processing SourceMapDevToolPlugin 1595.4b411405624bf0b28cea.js generated SourceMap
<s> [webpack.Progress] 92% sealing asset processing SourceMapDevToolPlugin 9527.a82e995518b5ff614c02.js generate SourceMap
<s> [webpack.Progress] 92% sealing asset processing SourceMapDevToolPlugin 9527.a82e995518b5ff614c02.js generated SourceMap
<s> [webpack.Progress] 92% sealing asset processing SourceMapDevToolPlugin 6900.9f73e7a642a7e0c96cae.js generate SourceMap
<s> [webpack.Progress] 92% sealing asset processing SourceMapDevToolPlugin 6900.9f73e7a642a7e0c96cae.js generated SourceMap
<s> [webpack.Progress] 92% sealing asset processing SourceMapDevToolPlugin 5362.4cd87ac26a8b38015630.js generate SourceMap
<s> [webpack.Progress] 92% sealing asset processing SourceMapDevToolPlugin 5362.4cd87ac26a8b38015630.js generated SourceMap
<s> [webpack.Progress] 92% sealing asset processing SourceMapDevToolPlugin 8477.d3f7f39caedb9eb5d08e.js generate SourceMap
<s> [webpack.Progress] 92% sealing asset processing SourceMapDevToolPlugin 8477.d3f7f39caedb9eb5d08e.js generated SourceMap
<s> [webpack.Progress] 92% sealing asset processing SourceMapDevToolPlugin 1838.cc62a81df752d956d7f6.js generate SourceMap
<s> [webpack.Progress] 92% sealing asset processing SourceMapDevToolPlugin 1838.cc62a81df752d956d7f6.js generated SourceMap
<s> [webpack.Progress] 92% sealing asset processing SourceMapDevToolPlugin 7836.9bac8f1d4b7eb43522fc.js generate SourceMap
<s> [webpack.Progress] 92% sealing asset processing SourceMapDevToolPlugin 7836.9bac8f1d4b7eb43522fc.js generated SourceMap
<s> [webpack.Progress] 92% sealing asset processing SourceMapDevToolPlugin 8051.6bfc3146403a73d8c42d.js generate SourceMap
<s> [webpack.Progress] 92% sealing asset processing SourceMapDevToolPlugin 8051.6bfc3146403a73d8c42d.js generated SourceMap
<s> [webpack.Progress] 92% sealing asset processing SourceMapDevToolPlugin 9431.63013377dae385ac1e5d.js generate SourceMap
<s> [webpack.Progress] 92% sealing asset processing SourceMapDevToolPlugin 9431.63013377dae385ac1e5d.js generated SourceMap
<s> [webpack.Progress] 92% sealing asset processing SourceMapDevToolPlugin 1037.06c1ec690fef52fb06e5.js generate SourceMap
<s> [webpack.Progress] 92% sealing asset processing SourceMapDevToolPlugin 1037.06c1ec690fef52fb06e5.js generated SourceMap
<s> [webpack.Progress] 92% sealing asset processing SourceMapDevToolPlugin 3776.aa11bbadcbf825af39f7.js generate SourceMap
<s> [webpack.Progress] 92% sealing asset processing SourceMapDevToolPlugin 3776.aa11bbadcbf825af39f7.js generated SourceMap
<s> [webpack.Progress] 92% sealing asset processing SourceMapDevToolPlugin 7315.aed46fb62e0c6a92702a.js generate SourceMap
<s> [webpack.Progress] 92% sealing asset processing SourceMapDevToolPlugin 7315.aed46fb62e0c6a92702a.js generated SourceMap
<s> [webpack.Progress] 92% sealing asset processing SourceMapDevToolPlugin 6814.8ef87936919f7fb3e3ce.js generate SourceMap
<s> [webpack.Progress] 92% sealing asset processing SourceMapDevToolPlugin 6814.8ef87936919f7fb3e3ce.js generated SourceMap
<s> [webpack.Progress] 92% sealing asset processing SourceMapDevToolPlugin 8835.5103ef1b20d0aaf2feeb.js generate SourceMap
<s> [webpack.Progress] 92% sealing asset processing SourceMapDevToolPlugin 8835.5103ef1b20d0aaf2feeb.js generated SourceMap
<s> [webpack.Progress] 92% sealing asset processing SourceMapDevToolPlugin 3141.5de0a7edb73d2a6dcd77.js generate SourceMap
<s> [webpack.Progress] 92% sealing asset processing SourceMapDevToolPlugin 3141.5de0a7edb73d2a6dcd77.js generated SourceMap
<s> [webpack.Progress] 92% sealing asset processing SourceMapDevToolPlugin 2041.31fbef60f2db83cded91.js generate SourceMap
<s> [webpack.Progress] 92% sealing asset processing SourceMapDevToolPlugin 2041.31fbef60f2db83cded91.js generated SourceMap
<s> [webpack.Progress] 92% sealing asset processing SourceMapDevToolPlugin 1345.842bbda2bf7966af78d9.js generate SourceMap
<s> [webpack.Progress] 92% sealing asset processing SourceMapDevToolPlugin 1345.842bbda2bf7966af78d9.js generated SourceMap
<s> [webpack.Progress] 92% sealing asset processing SourceMapDevToolPlugin 2405.5e7059454630cab930e2.js generate SourceMap
<s> [webpack.Progress] 92% sealing asset processing SourceMapDevToolPlugin 2405.5e7059454630cab930e2.js generated SourceMap
<s> [webpack.Progress] 92% sealing asset processing SourceMapDevToolPlugin 6604.0f281cf6d4eb6fa818f4.js generate SourceMap
<s> [webpack.Progress] 92% sealing asset processing SourceMapDevToolPlugin 6604.0f281cf6d4eb6fa818f4.js generated SourceMap
<s> [webpack.Progress] 92% sealing asset processing SourceMapDevToolPlugin 9349.5210739950ae8f5c1060.js generate SourceMap
<s> [webpack.Progress] 92% sealing asset processing SourceMapDevToolPlugin 9349.5210739950ae8f5c1060.js generated SourceMap
<s> [webpack.Progress] 92% sealing asset processing SourceMapDevToolPlugin 7110.cd4d579bf72356f753a1.js generate SourceMap
<s> [webpack.Progress] 92% sealing asset processing SourceMapDevToolPlugin 7110.cd4d579bf72356f753a1.js generated SourceMap
<s> [webpack.Progress] 92% sealing asset processing SourceMapDevToolPlugin 2004.fda354a18cd7f93af436.js generate SourceMap
<s> [webpack.Progress] 92% sealing asset processing SourceMapDevToolPlugin 2004.fda354a18cd7f93af436.js generated SourceMap
<s> [webpack.Progress] 92% sealing asset processing SourceMapDevToolPlugin 9081.31e68130b413cfa54679.js generate SourceMap
<s> [webpack.Progress] 92% sealing asset processing SourceMapDevToolPlugin 9081.31e68130b413cfa54679.js generated SourceMap
<s> [webpack.Progress] 92% sealing asset processing SourceMapDevToolPlugin 355.e8e4f94511c196e8c9bb.js generate SourceMap
<s> [webpack.Progress] 92% sealing asset processing SourceMapDevToolPlugin 355.e8e4f94511c196e8c9bb.js generated SourceMap
<s> [webpack.Progress] 92% sealing asset processing SourceMapDevToolPlugin 2139.876931c0a25b8377dcaa.js generate SourceMap
<s> [webpack.Progress] 92% sealing asset processing SourceMapDevToolPlugin 2139.876931c0a25b8377dcaa.js generated SourceMap
<s> [webpack.Progress] 92% sealing asset processing SourceMapDevToolPlugin 9978.ed9f00a4879015728752.js generate SourceMap
<s> [webpack.Progress] 92% sealing asset processing SourceMapDevToolPlugin 9978.ed9f00a4879015728752.js generated SourceMap
<s> [webpack.Progress] 92% sealing asset processing SourceMapDevToolPlugin 2620.b7296420a927443afd8e.js generate SourceMap
<s> [webpack.Progress] 92% sealing asset processing SourceMapDevToolPlugin 2620.b7296420a927443afd8e.js generated SourceMap
<s> [webpack.Progress] 92% sealing asset processing SourceMapDevToolPlugin 3520.61739bd2fda04a0a84df.js generate SourceMap
<s> [webpack.Progress] 92% sealing asset processing SourceMapDevToolPlugin 3520.61739bd2fda04a0a84df.js generated SourceMap
<s> [webpack.Progress] 92% sealing asset processing SourceMapDevToolPlugin 1724.b0cd8e6efbf403767c8d.js generate SourceMap
<s> [webpack.Progress] 92% sealing asset processing SourceMapDevToolPlugin 1724.b0cd8e6efbf403767c8d.js generated SourceMap
<s> [webpack.Progress] 92% sealing asset processing SourceMapDevToolPlugin 147.078be0292e3dbb9b4a0d.js generate SourceMap
<s> [webpack.Progress] 92% sealing asset processing SourceMapDevToolPlugin 147.078be0292e3dbb9b4a0d.js generated SourceMap
<s> [webpack.Progress] 92% sealing asset processing SourceMapDevToolPlugin 4348.da4bbec8a7c1cc0496ff.js generate SourceMap
<s> [webpack.Progress] 92% sealing asset processing SourceMapDevToolPlugin 4348.da4bbec8a7c1cc0496ff.js generated SourceMap
<s> [webpack.Progress] 92% sealing asset processing SourceMapDevToolPlugin 3325.78900287c669ed8dee58.js generate SourceMap
<s> [webpack.Progress] 92% sealing asset processing SourceMapDevToolPlugin 3325.78900287c669ed8dee58.js generated SourceMap
<s> [webpack.Progress] 92% sealing asset processing SourceMapDevToolPlugin 6310.42982be05dc7d619a1bd.js generate SourceMap
<s> [webpack.Progress] 92% sealing asset processing SourceMapDevToolPlugin 6310.42982be05dc7d619a1bd.js generated SourceMap
<s> [webpack.Progress] 92% sealing asset processing SourceMapDevToolPlugin 3882.f82330f11429f518f408.js generate SourceMap
<s> [webpack.Progress] 92% sealing asset processing SourceMapDevToolPlugin 3882.f82330f11429f518f408.js generated SourceMap
<s> [webpack.Progress] 92% sealing asset processing SourceMapDevToolPlugin resolve sources
<s> [webpack.Progress] 92% sealing asset processing SourceMapDevToolPlugin app.429777cc4cf16e834a5b.js attach SourceMap
<s> [webpack.Progress] 92% sealing asset processing SourceMapDevToolPlugin app.429777cc4cf16e834a5b.js attached SourceMap
<s> [webpack.Progress] 92% sealing asset processing SourceMapDevToolPlugin swagger.4b10e33557f1793f8dcf.js attach SourceMap
<s> [webpack.Progress] 92% sealing asset processing SourceMapDevToolPlugin swagger.4b10e33557f1793f8dcf.js attached SourceMap
<s> [webpack.Progress] 92% sealing asset processing SourceMapDevToolPlugin runtime.0bfa67540c118cd27e0c.js attach SourceMap
<s> [webpack.Progress] 92% sealing asset processing SourceMapDevToolPlugin runtime.0bfa67540c118cd27e0c.js attached SourceMap
<s> [webpack.Progress] 92% sealing asset processing SourceMapDevToolPlugin 9521.c06a706442d918057ae1.js attach SourceMap
<s> [webpack.Progress] 92% sealing asset processing SourceMapDevToolPlugin 9521.c06a706442d918057ae1.js attached SourceMap
<s> [webpack.Progress] 92% sealing asset processing SourceMapDevToolPlugin 5648.419bfb371470b4748876.js attach SourceMap
<s> [webpack.Progress] 92% sealing asset processing SourceMapDevToolPlugin 5648.419bfb371470b4748876.js attached SourceMap
<s> [webpack.Progress] 92% sealing asset processing SourceMapDevToolPlugin 680.bf4b3c30fb8bc3dd49ff.js attach SourceMap
<s> [webpack.Progress] 92% sealing asset processing SourceMapDevToolPlugin 680.bf4b3c30fb8bc3dd49ff.js attached SourceMap
<s> [webpack.Progress] 92% sealing asset processing SourceMapDevToolPlugin 3082.a9482ddb8107f53143d3.js attach SourceMap
<s> [webpack.Progress] 92% sealing asset processing SourceMapDevToolPlugin 3082.a9482ddb8107f53143d3.js attached SourceMap
<s> [webpack.Progress] 92% sealing asset processing SourceMapDevToolPlugin 9538.a319c4bdd1aa560c5ed2.js attach SourceMap
<s> [webpack.Progress] 92% sealing asset processing SourceMapDevToolPlugin 9538.a319c4bdd1aa560c5ed2.js attached SourceMap
<s> [webpack.Progress] 92% sealing asset processing SourceMapDevToolPlugin 2288.5380c2c71282fc7d083d.js attach SourceMap
<s> [webpack.Progress] 92% sealing asset processing SourceMapDevToolPlugin 2288.5380c2c71282fc7d083d.js attached SourceMap
<s> [webpack.Progress] 92% sealing asset processing SourceMapDevToolPlugin graphitePlugin.d8efc9275412529a7295.js attach SourceMap
<s> [webpack.Progress] 92% sealing asset processing SourceMapDevToolPlugin graphitePlugin.d8efc9275412529a7295.js attached SourceMap
<s> [webpack.Progress] 92% sealing asset processing SourceMapDevToolPlugin 6979.f469cbcfc74975f987e0.js attach SourceMap
<s> [webpack.Progress] 92% sealing asset processing SourceMapDevToolPlugin 6979.f469cbcfc74975f987e0.js attached SourceMap
<s> [webpack.Progress] 92% sealing asset processing SourceMapDevToolPlugin opentsdbPlugin.92f425aed5eb0bd3be65.js attach SourceMap
<s> [webpack.Progress] 92% sealing asset processing SourceMapDevToolPlugin opentsdbPlugin.92f425aed5eb0bd3be65.js attached SourceMap
<s> [webpack.Progress] 92% sealing asset processing SourceMapDevToolPlugin grafanaPlugin.dd2fb6c5ef480df189e5.js attach SourceMap
<s> [webpack.Progress] 92% sealing asset processing SourceMapDevToolPlugin grafanaPlugin.dd2fb6c5ef480df189e5.js attached SourceMap
<s> [webpack.Progress] 92% sealing asset processing SourceMapDevToolPlugin influxdbPlugin.116d52b94948dddae06e.js attach SourceMap
<s> [webpack.Progress] 92% sealing asset processing SourceMapDevToolPlugin influxdbPlugin.116d52b94948dddae06e.js attached SourceMap
<s> [webpack.Progress] 92% sealing asset processing SourceMapDevToolPlugin lokiPlugin.9de141211aa53e5b30f6.js attach SourceMap
<s> [webpack.Progress] 92% sealing asset processing SourceMapDevToolPlugin lokiPlugin.9de141211aa53e5b30f6.js attached SourceMap
<s> [webpack.Progress] 92% sealing asset processing SourceMapDevToolPlugin alertmanagerPlugin.79f1adbe0cc409037034.js attach SourceMap
<s> [webpack.Progress] 92% sealing asset processing SourceMapDevToolPlugin alertmanagerPlugin.79f1adbe0cc409037034.js attached SourceMap
<s> [webpack.Progress] 92% sealing asset processing SourceMapDevToolPlugin alertListPanel.1b56c0d002d2b39924ab.js attach SourceMap
<s> [webpack.Progress] 92% sealing asset processing SourceMapDevToolPlugin alertListPanel.1b56c0d002d2b39924ab.js attached SourceMap
<s> [webpack.Progress] 92% sealing asset processing SourceMapDevToolPlugin annoListPanel.8dc1d7890225e62f58ab.js attach SourceMap
<s> [webpack.Progress] 92% sealing asset processing SourceMapDevToolPlugin annoListPanel.8dc1d7890225e62f58ab.js attached SourceMap
<s> [webpack.Progress] 92% sealing asset processing SourceMapDevToolPlugin barChartPanel.2ea3db40a669c907c839.js attach SourceMap
<s> [webpack.Progress] 92% sealing asset processing SourceMapDevToolPlugin barChartPanel.2ea3db40a669c907c839.js attached SourceMap
<s> [webpack.Progress] 92% sealing asset processing SourceMapDevToolPlugin barGaugePanel.9bfffa0780c88b090578.js attach SourceMap
<s> [webpack.Progress] 92% sealing asset processing SourceMapDevToolPlugin barGaugePanel.9bfffa0780c88b090578.js attached SourceMap
<s> [webpack.Progress] 92% sealing asset processing SourceMapDevToolPlugin candlestickPanel.57b8f2f0267ddb64e406.js attach SourceMap
<s> [webpack.Progress] 92% sealing asset processing SourceMapDevToolPlugin candlestickPanel.57b8f2f0267ddb64e406.js attached SourceMap
<s> [webpack.Progress] 92% sealing asset processing SourceMapDevToolPlugin dashListPanel.588a406ed5a7c52d14d5.js attach SourceMap
<s> [webpack.Progress] 92% sealing asset processing SourceMapDevToolPlugin dashListPanel.588a406ed5a7c52d14d5.js attached SourceMap
<s> [webpack.Progress] 92% sealing asset processing SourceMapDevToolPlugin debugPanel.937616c585e724d3afa7.js attach SourceMap
<s> [webpack.Progress] 92% sealing asset processing SourceMapDevToolPlugin debugPanel.937616c585e724d3afa7.js attached SourceMap
<s> [webpack.Progress] 92% sealing asset processing SourceMapDevToolPlugin flamegraphPanel.03b3b263a2c5a06afea4.js attach SourceMap
<s> [webpack.Progress] 92% sealing asset processing SourceMapDevToolPlugin flamegraphPanel.03b3b263a2c5a06afea4.js attached SourceMap
<s> [webpack.Progress] 92% sealing asset processing SourceMapDevToolPlugin gettingStartedPanel.fde70d8e7c0016c241b3.js attach SourceMap
<s> [webpack.Progress] 92% sealing asset processing SourceMapDevToolPlugin gettingStartedPanel.fde70d8e7c0016c241b3.js attached SourceMap
<s> [webpack.Progress] 92% sealing asset processing SourceMapDevToolPlugin histogramPanel.e0b9105637a4a37cb645.js attach SourceMap
<s> [webpack.Progress] 92% sealing asset processing SourceMapDevToolPlugin histogramPanel.e0b9105637a4a37cb645.js attached SourceMap
<s> [webpack.Progress] 92% sealing asset processing SourceMapDevToolPlugin livePanel.f1f9a1ed9046898d682d.js attach SourceMap
<s> [webpack.Progress] 92% sealing asset processing SourceMapDevToolPlugin livePanel.f1f9a1ed9046898d682d.js attached SourceMap
<s> [webpack.Progress] 92% sealing asset processing SourceMapDevToolPlugin logsPanel.4871e37a6029bb887046.js attach SourceMap
<s> [webpack.Progress] 92% sealing asset processing SourceMapDevToolPlugin logsPanel.4871e37a6029bb887046.js attached SourceMap
<s> [webpack.Progress] 92% sealing asset processing SourceMapDevToolPlugin newsPanel.341218edfce1a21843c7.js attach SourceMap
<s> [webpack.Progress] 92% sealing asset processing SourceMapDevToolPlugin newsPanel.341218edfce1a21843c7.js attached SourceMap
<s> [webpack.Progress] 92% sealing asset processing SourceMapDevToolPlugin pieChartPanel.42ad80cd335d96f2b780.js attach SourceMap
<s> [webpack.Progress] 92% sealing asset processing SourceMapDevToolPlugin pieChartPanel.42ad80cd335d96f2b780.js attached SourceMap
<s> [webpack.Progress] 92% sealing asset processing SourceMapDevToolPlugin stateTimelinePanel.0dc70f354f9a9add2fd5.js attach SourceMap
<s> [webpack.Progress] 92% sealing asset processing SourceMapDevToolPlugin stateTimelinePanel.0dc70f354f9a9add2fd5.js attached SourceMap
<s> [webpack.Progress] 92% sealing asset processing SourceMapDevToolPlugin statusHistoryPanel.b28675d46a940733f0cb.js attach SourceMap
<s> [webpack.Progress] 92% sealing asset processing SourceMapDevToolPlugin statusHistoryPanel.b28675d46a940733f0cb.js attached SourceMap
<s> [webpack.Progress] 92% sealing asset processing SourceMapDevToolPlugin tablePanel.4fe23f0fe3df69c1226a.js attach SourceMap
<s> [webpack.Progress] 92% sealing asset processing SourceMapDevToolPlugin tablePanel.4fe23f0fe3df69c1226a.js attached SourceMap
<s> [webpack.Progress] 92% sealing asset processing SourceMapDevToolPlugin textPanel.3c0019013b86e813e04d.js attach SourceMap
<s> [webpack.Progress] 92% sealing asset processing SourceMapDevToolPlugin textPanel.3c0019013b86e813e04d.js attached SourceMap
<s> [webpack.Progress] 92% sealing asset processing SourceMapDevToolPlugin timeseriesPanel.ae96c53b54490fc765ec.js attach SourceMap
<s> [webpack.Progress] 92% sealing asset processing SourceMapDevToolPlugin timeseriesPanel.ae96c53b54490fc765ec.js attached SourceMap
<s> [webpack.Progress] 92% sealing asset processing SourceMapDevToolPlugin tracesPanel.682809a8288bc801a822.js attach SourceMap
<s> [webpack.Progress] 92% sealing asset processing SourceMapDevToolPlugin tracesPanel.682809a8288bc801a822.js attached SourceMap
<s> [webpack.Progress] 92% sealing asset processing SourceMapDevToolPlugin trendPanel.5c9b50852e49395625ea.js attach SourceMap
<s> [webpack.Progress] 92% sealing asset processing SourceMapDevToolPlugin trendPanel.5c9b50852e49395625ea.js attached SourceMap
<s> [webpack.Progress] 92% sealing asset processing SourceMapDevToolPlugin welcomeBanner.34ae869aa835a85a26fc.js attach SourceMap
<s> [webpack.Progress] 92% sealing asset processing SourceMapDevToolPlugin welcomeBanner.34ae869aa835a85a26fc.js attached SourceMap
<s> [webpack.Progress] 92% sealing asset processing SourceMapDevToolPlugin canvasPanel.787d2a95206480c7d776.js attach SourceMap
<s> [webpack.Progress] 92% sealing asset processing SourceMapDevToolPlugin canvasPanel.787d2a95206480c7d776.js attached SourceMap
<s> [webpack.Progress] 92% sealing asset processing SourceMapDevToolPlugin graphPlugin.e49f27d6dfbf79ab19f6.js attach SourceMap
<s> [webpack.Progress] 92% sealing asset processing SourceMapDevToolPlugin graphPlugin.e49f27d6dfbf79ab19f6.js attached SourceMap
<s> [webpack.Progress] 92% sealing asset processing SourceMapDevToolPlugin xychart.f60a477fef6157b3b75f.js attach SourceMap
<s> [webpack.Progress] 92% sealing asset processing SourceMapDevToolPlugin xychart.f60a477fef6157b3b75f.js attached SourceMap
<s> [webpack.Progress] 92% sealing asset processing SourceMapDevToolPlugin heatmapPanel.5519f99af635b810e7ed.js attach SourceMap
<s> [webpack.Progress] 92% sealing asset processing SourceMapDevToolPlugin heatmapPanel.5519f99af635b810e7ed.js attached SourceMap
<s> [webpack.Progress] 92% sealing asset processing SourceMapDevToolPlugin tableOldPlugin.e914b3442127d3db3ce3.js attach SourceMap
<s> [webpack.Progress] 92% sealing asset processing SourceMapDevToolPlugin tableOldPlugin.e914b3442127d3db3ce3.js attached SourceMap
<s> [webpack.Progress] 92% sealing asset processing SourceMapDevToolPlugin nodeGraphPanel.00c064547618f53e30d4.js attach SourceMap
<s> [webpack.Progress] 92% sealing asset processing SourceMapDevToolPlugin nodeGraphPanel.00c064547618f53e30d4.js attached SourceMap
<s> [webpack.Progress] 92% sealing asset processing SourceMapDevToolPlugin 7371.42ff353ae5949e6961c8.js attach SourceMap
<s> [webpack.Progress] 92% sealing asset processing SourceMapDevToolPlugin 7371.42ff353ae5949e6961c8.js attached SourceMap
<s> [webpack.Progress] 92% sealing asset processing SourceMapDevToolPlugin loki-query-field.db084d6fb9a0204f0108.js attach SourceMap
<s> [webpack.Progress] 92% sealing asset processing SourceMapDevToolPlugin loki-query-field.db084d6fb9a0204f0108.js attached SourceMap
<s> [webpack.Progress] 92% sealing asset processing SourceMapDevToolPlugin 9838.ebf1ee25fce4a7e6a689.js attach SourceMap
<s> [webpack.Progress] 92% sealing asset processing SourceMapDevToolPlugin 9838.ebf1ee25fce4a7e6a689.js attached SourceMap
<s> [webpack.Progress] 92% sealing asset processing SourceMapDevToolPlugin 1600.e8ee2e49ae01612c2346.js attach SourceMap
<s> [webpack.Progress] 92% sealing asset processing SourceMapDevToolPlugin 1600.e8ee2e49ae01612c2346.js attached SourceMap
<s> [webpack.Progress] 92% sealing asset processing SourceMapDevToolPlugin 9069.32eb0b9f31f9f3522751.js attach SourceMap
<s> [webpack.Progress] 92% sealing asset processing SourceMapDevToolPlugin 9069.32eb0b9f31f9f3522751.js attached SourceMap
<s> [webpack.Progress] 92% sealing asset processing SourceMapDevToolPlugin 9906.f2106b50d0abf0a1246a.js attach SourceMap
<s> [webpack.Progress] 92% sealing asset processing SourceMapDevToolPlugin 9906.f2106b50d0abf0a1246a.js attached SourceMap
<s> [webpack.Progress] 92% sealing asset processing SourceMapDevToolPlugin 7373.fb4644c0800a53cc155b.js attach SourceMap
<s> [webpack.Progress] 92% sealing asset processing SourceMapDevToolPlugin 7373.fb4644c0800a53cc155b.js attached SourceMap
<s> [webpack.Progress] 92% sealing asset processing SourceMapDevToolPlugin visjs-network.6a0930fbf20ce28a757a.js attach SourceMap
<s> [webpack.Progress] 92% sealing asset processing SourceMapDevToolPlugin visjs-network.6a0930fbf20ce28a757a.js attached SourceMap
<s> [webpack.Progress] 92% sealing asset processing SourceMapDevToolPlugin 7640.1a100ef0e6320ab0d8e2.js attach SourceMap
<s> [webpack.Progress] 92% sealing asset processing SourceMapDevToolPlugin 7640.1a100ef0e6320ab0d8e2.js attached SourceMap
<s> [webpack.Progress] 92% sealing asset processing SourceMapDevToolPlugin 5995.795497a7c4ef6fc23581.js attach SourceMap
<s> [webpack.Progress] 92% sealing asset processing SourceMapDevToolPlugin 5995.795497a7c4ef6fc23581.js attached SourceMap
<s> [webpack.Progress] 92% sealing asset processing SourceMapDevToolPlugin 1519.bfccad2de7b0b4c7d11c.js attach SourceMap
<s> [webpack.Progress] 92% sealing asset processing SourceMapDevToolPlugin 1519.bfccad2de7b0b4c7d11c.js attached SourceMap
<s> [webpack.Progress] 92% sealing asset processing SourceMapDevToolPlugin 5091.c3b8b4ae157ad8735ffc.js attach SourceMap
<s> [webpack.Progress] 92% sealing asset processing SourceMapDevToolPlugin 5091.c3b8b4ae157ad8735ffc.js attached SourceMap
<s> [webpack.Progress] 92% sealing asset processing SourceMapDevToolPlugin 2975.9291065edf79c02aa023.js attach SourceMap
<s> [webpack.Progress] 92% sealing asset processing SourceMapDevToolPlugin 2975.9291065edf79c02aa023.js attached SourceMap
<s> [webpack.Progress] 92% sealing asset processing SourceMapDevToolPlugin 7887.9f70f9804ec54d03fd5a.js attach SourceMap
<s> [webpack.Progress] 92% sealing asset processing SourceMapDevToolPlugin 7887.9f70f9804ec54d03fd5a.js attached SourceMap
<s> [webpack.Progress] 92% sealing asset processing SourceMapDevToolPlugin DashboardPage.d7175d2e2b38a49a2f56.js attach SourceMap
<s> [webpack.Progress] 92% sealing asset processing SourceMapDevToolPlugin DashboardPage.d7175d2e2b38a49a2f56.js attached SourceMap
<s> [webpack.Progress] 92% sealing asset processing SourceMapDevToolPlugin SoloPanelPage.81ac5a0974b124dbfabb.js attach SourceMap
<s> [webpack.Progress] 92% sealing asset processing SourceMapDevToolPlugin SoloPanelPage.81ac5a0974b124dbfabb.js attached SourceMap
<s> [webpack.Progress] 92% sealing asset processing SourceMapDevToolPlugin SoloPanelPageOld.a7fc678971a85edc7d96.js attach SourceMap
<s> [webpack.Progress] 92% sealing asset processing SourceMapDevToolPlugin SoloPanelPageOld.a7fc678971a85edc7d96.js attached SourceMap
<s> [webpack.Progress] 92% sealing asset processing SourceMapDevToolPlugin DashboardImport.d0f2953a9fd800661e0f.js attach SourceMap
<s> [webpack.Progress] 92% sealing asset processing SourceMapDevToolPlugin DashboardImport.d0f2953a9fd800661e0f.js attached SourceMap
<s> [webpack.Progress] 92% sealing asset processing SourceMapDevToolPlugin CorrelationsPage.6d08cb1f0d42a00dcc77.js attach SourceMap
<s> [webpack.Progress] 92% sealing asset processing SourceMapDevToolPlugin CorrelationsPage.6d08cb1f0d42a00dcc77.js attached SourceMap
<s> [webpack.Progress] 92% sealing asset processing SourceMapDevToolPlugin CorrelationsFeatureToggle.c051cea00093032e1515.js attach SourceMap
<s> [webpack.Progress] 92% sealing asset processing SourceMapDevToolPlugin CorrelationsFeatureToggle.c051cea00093032e1515.js attached SourceMap
<s> [webpack.Progress] 92% sealing asset processing SourceMapDevToolPlugin DashboardListPage.1dea521fca271bce5371.js attach SourceMap
<s> [webpack.Progress] 92% sealing asset processing SourceMapDevToolPlugin DashboardListPage.1dea521fca271bce5371.js attached SourceMap
<s> [webpack.Progress] 92% sealing asset processing SourceMapDevToolPlugin explore.cebe35f3d9713ea2a54c.js attach SourceMap
<s> [webpack.Progress] 92% sealing asset processing SourceMapDevToolPlugin explore.cebe35f3d9713ea2a54c.js attached SourceMap
<s> [webpack.Progress] 92% sealing asset processing SourceMapDevToolPlugin explore-feature-toggle-page.8852d1fbdf0006dd8fd7.js attach SourceMap
<s> [webpack.Progress] 92% sealing asset processing SourceMapDevToolPlugin explore-feature-toggle-page.8852d1fbdf0006dd8fd7.js attached SourceMap
<s> [webpack.Progress] 92% sealing asset processing SourceMapDevToolPlugin PluginExtensionsLog.d9c6add1161e638181b1.js attach SourceMap
<s> [webpack.Progress] 92% sealing asset processing SourceMapDevToolPlugin PluginExtensionsLog.d9c6add1161e638181b1.js attached SourceMap
<s> [webpack.Progress] 92% sealing asset processing SourceMapDevToolPlugin OrgDetailsPage.a61dcfe9725d3db8e30f.js attach SourceMap
<s> [webpack.Progress] 92% sealing asset processing SourceMapDevToolPlugin OrgDetailsPage.a61dcfe9725d3db8e30f.js attached SourceMap
<s> [webpack.Progress] 92% sealing asset processing SourceMapDevToolPlugin NewOrgPage.cd28f83406c4a18b7362.js attach SourceMap
<s> [webpack.Progress] 92% sealing asset processing SourceMapDevToolPlugin NewOrgPage.cd28f83406c4a18b7362.js attached SourceMap
<s> [webpack.Progress] 92% sealing asset processing SourceMapDevToolPlugin UserInvitePage.249b21be585a2d6ae6e7.js attach SourceMap
<s> [webpack.Progress] 92% sealing asset processing SourceMapDevToolPlugin UserInvitePage.249b21be585a2d6ae6e7.js attached SourceMap
<s> [webpack.Progress] 92% sealing asset processing SourceMapDevToolPlugin ApiKeysPage.357fc37658ea38c7779c.js attach SourceMap
<s> [webpack.Progress] 92% sealing asset processing SourceMapDevToolPlugin ApiKeysPage.357fc37658ea38c7779c.js attached SourceMap
<s> [webpack.Progress] 92% sealing asset processing SourceMapDevToolPlugin ServiceAccountsPage.f4bf8bfeecb6851c82d0.js attach SourceMap
<s> [webpack.Progress] 92% sealing asset processing SourceMapDevToolPlugin ServiceAccountsPage.f4bf8bfeecb6851c82d0.js attached SourceMap
<s> [webpack.Progress] 92% sealing asset processing SourceMapDevToolPlugin ServiceAccountCreatePage.0f34e796fb3c3684d4a2.js attach SourceMap
<s> [webpack.Progress] 92% sealing asset processing SourceMapDevToolPlugin ServiceAccountCreatePage.0f34e796fb3c3684d4a2.js attached SourceMap
<s> [webpack.Progress] 92% sealing asset processing SourceMapDevToolPlugin ServiceAccountPage.e91274869f0172a7ef98.js attach SourceMap
<s> [webpack.Progress] 92% sealing asset processing SourceMapDevToolPlugin ServiceAccountPage.e91274869f0172a7ef98.js attached SourceMap
<s> [webpack.Progress] 92% sealing asset processing SourceMapDevToolPlugin TeamList.d424225e995981f59cb5.js attach SourceMap
<s> [webpack.Progress] 92% sealing asset processing SourceMapDevToolPlugin TeamList.d424225e995981f59cb5.js attached SourceMap
<s> [webpack.Progress] 92% sealing asset processing SourceMapDevToolPlugin CreateTeam.3f8ccc8e1716a873b2a3.js attach SourceMap
<s> [webpack.Progress] 92% sealing asset processing SourceMapDevToolPlugin CreateTeam.3f8ccc8e1716a873b2a3.js attached SourceMap
<s> [webpack.Progress] 92% sealing asset processing SourceMapDevToolPlugin TeamPages.aaced40e9cb8d5161d73.js attach SourceMap
<s> [webpack.Progress] 92% sealing asset processing SourceMapDevToolPlugin TeamPages.aaced40e9cb8d5161d73.js attached SourceMap
<s> [webpack.Progress] 92% sealing asset processing SourceMapDevToolPlugin AdminAuthentication.2257807e22286f7be219.js attach SourceMap
<s> [webpack.Progress] 92% sealing asset processing SourceMapDevToolPlugin AdminAuthentication.2257807e22286f7be219.js attached SourceMap
<s> [webpack.Progress] 92% sealing asset processing SourceMapDevToolPlugin LdapSettingsPage.b5e4856214f0c27e17d3.js attach SourceMap
<s> [webpack.Progress] 92% sealing asset processing SourceMapDevToolPlugin LdapSettingsPage.b5e4856214f0c27e17d3.js attached SourceMap
<s> [webpack.Progress] 92% sealing asset processing SourceMapDevToolPlugin AdminSettings.e617c7f91658d6ae20f5.js attach SourceMap
<s> [webpack.Progress] 92% sealing asset processing SourceMapDevToolPlugin AdminSettings.e617c7f91658d6ae20f5.js attached SourceMap
<s> [webpack.Progress] 92% sealing asset processing SourceMapDevToolPlugin 9208.26369c559c80c6154aea.js attach SourceMap
<s> [webpack.Progress] 92% sealing asset processing SourceMapDevToolPlugin 9208.26369c559c80c6154aea.js attached SourceMap
<s> [webpack.Progress] 92% sealing asset processing SourceMapDevToolPlugin UserListPage.342059d2442012ecc432.js attach SourceMap
<s> [webpack.Progress] 92% sealing asset processing SourceMapDevToolPlugin UserListPage.342059d2442012ecc432.js attached SourceMap
<s> [webpack.Progress] 92% sealing asset processing SourceMapDevToolPlugin UserCreatePage.f2e7ab80f41378847eb7.js attach SourceMap
<s> [webpack.Progress] 92% sealing asset processing SourceMapDevToolPlugin UserCreatePage.f2e7ab80f41378847eb7.js attached SourceMap
<s> [webpack.Progress] 92% sealing asset processing SourceMapDevToolPlugin UserAdminPage.e5e8e08b71ceacda6013.js attach SourceMap
<s> [webpack.Progress] 92% sealing asset processing SourceMapDevToolPlugin UserAdminPage.e5e8e08b71ceacda6013.js attached SourceMap
<s> [webpack.Progress] 92% sealing asset processing SourceMapDevToolPlugin AdminListOrgsPage.0b78cc4fe4bf176dc51e.js attach SourceMap
<s> [webpack.Progress] 92% sealing asset processing SourceMapDevToolPlugin AdminListOrgsPage.0b78cc4fe4bf176dc51e.js attached SourceMap
<s> [webpack.Progress] 92% sealing asset processing SourceMapDevToolPlugin AdminEditOrgPage.28528d4b371449c43e82.js attach SourceMap
<s> [webpack.Progress] 92% sealing asset processing SourceMapDevToolPlugin AdminEditOrgPage.28528d4b371449c43e82.js attached SourceMap
<s> [webpack.Progress] 92% sealing asset processing SourceMapDevToolPlugin AdminFeatureTogglesPage.1458cf01c29d4c7f8d74.js attach SourceMap
<s> [webpack.Progress] 92% sealing asset processing SourceMapDevToolPlugin AdminFeatureTogglesPage.1458cf01c29d4c7f8d74.js attached SourceMap
<s> [webpack.Progress] 92% sealing asset processing SourceMapDevToolPlugin ServerStats.3ad316e4fb81fa87a202.js attach SourceMap
<s> [webpack.Progress] 92% sealing asset processing SourceMapDevToolPlugin ServerStats.3ad316e4fb81fa87a202.js attached SourceMap
<s> [webpack.Progress] 92% sealing asset processing SourceMapDevToolPlugin MigrateToCloud.7c041af40cb77c8ef723.js attach SourceMap
<s> [webpack.Progress] 92% sealing asset processing SourceMapDevToolPlugin MigrateToCloud.7c041af40cb77c8ef723.js attached SourceMap
<s> [webpack.Progress] 92% sealing asset processing SourceMapDevToolPlugin LoginPage.64955c6a93e71a004a8a.js attach SourceMap
<s> [webpack.Progress] 92% sealing asset processing SourceMapDevToolPlugin LoginPage.64955c6a93e71a004a8a.js attached SourceMap
<s> [webpack.Progress] 92% sealing asset processing SourceMapDevToolPlugin SignupInvited.a8b41cbbc05309c24dcc.js attach SourceMap
<s> [webpack.Progress] 92% sealing asset processing SourceMapDevToolPlugin SignupInvited.a8b41cbbc05309c24dcc.js attached SourceMap
<s> [webpack.Progress] 92% sealing asset processing SourceMapDevToolPlugin 8006.baa08ee759ac745654fd.js attach SourceMap
<s> [webpack.Progress] 92% sealing asset processing SourceMapDevToolPlugin 8006.baa08ee759ac745654fd.js attached SourceMap
<s> [webpack.Progress] 92% sealing asset processing SourceMapDevToolPlugin 6964.89d0b088001c531f746a.js attach SourceMap
<s> [webpack.Progress] 92% sealing asset processing SourceMapDevToolPlugin 6964.89d0b088001c531f746a.js attached SourceMap
<s> [webpack.Progress] 92% sealing asset processing SourceMapDevToolPlugin SendResetMailPage.5397b0a2a3b2412c4bf4.js attach SourceMap
<s> [webpack.Progress] 92% sealing asset processing SourceMapDevToolPlugin SendResetMailPage.5397b0a2a3b2412c4bf4.js attached SourceMap
<s> [webpack.Progress] 92% sealing asset processing SourceMapDevToolPlugin ChangePasswordPage.29e6fc7519fd37351e08.js attach SourceMap
<s> [webpack.Progress] 92% sealing asset processing SourceMapDevToolPlugin ChangePasswordPage.29e6fc7519fd37351e08.js attached SourceMap
<s> [webpack.Progress] 92% sealing asset processing SourceMapDevToolPlugin SnapshotListPage.d85be5679c305fd16ba5.js attach SourceMap
<s> [webpack.Progress] 92% sealing asset processing SourceMapDevToolPlugin SnapshotListPage.d85be5679c305fd16ba5.js attached SourceMap
<s> [webpack.Progress] 92% sealing asset processing SourceMapDevToolPlugin RecentlyDeletedPage.e9ad2e8fab75666a62b3.js attach SourceMap
<s> [webpack.Progress] 92% sealing asset processing SourceMapDevToolPlugin RecentlyDeletedPage.e9ad2e8fab75666a62b3.js attached SourceMap
<s> [webpack.Progress] 92% sealing asset processing SourceMapDevToolPlugin PlaylistPage.bd66d34030ce4bd5bf1e.js attach SourceMap
<s> [webpack.Progress] 92% sealing asset processing SourceMapDevToolPlugin PlaylistPage.bd66d34030ce4bd5bf1e.js attached SourceMap
<s> [webpack.Progress] 92% sealing asset processing SourceMapDevToolPlugin PlaylistStartPage.1eeb5e71429ae48a3663.js attach SourceMap
<s> [webpack.Progress] 92% sealing asset processing SourceMapDevToolPlugin PlaylistStartPage.1eeb5e71429ae48a3663.js attached SourceMap
<s> [webpack.Progress] 92% sealing asset processing SourceMapDevToolPlugin PlaylistNewPage.6010eca7ffd8e8ccaa3d.js attach SourceMap
<s> [webpack.Progress] 92% sealing asset processing SourceMapDevToolPlugin PlaylistNewPage.6010eca7ffd8e8ccaa3d.js attached SourceMap
<s> [webpack.Progress] 92% sealing asset processing SourceMapDevToolPlugin PlaylistEditPage.f571a2528317cd0ccc4b.js attach SourceMap
<s> [webpack.Progress] 92% sealing asset processing SourceMapDevToolPlugin PlaylistEditPage.f571a2528317cd0ccc4b.js attached SourceMap
<s> [webpack.Progress] 92% sealing asset processing SourceMapDevToolPlugin BenchmarksPage.06bb4e8ad876917a739a.js attach SourceMap
<s> [webpack.Progress] 92% sealing asset processing SourceMapDevToolPlugin BenchmarksPage.06bb4e8ad876917a739a.js attached SourceMap
<s> [webpack.Progress] 92% sealing asset processing SourceMapDevToolPlugin TestStuffPage.b284368af927d8bc914b.js attach SourceMap
<s> [webpack.Progress] 92% sealing asset processing SourceMapDevToolPlugin TestStuffPage.b284368af927d8bc914b.js attached SourceMap
<s> [webpack.Progress] 92% sealing asset processing SourceMapDevToolPlugin FolderLibraryPanelsPage.2cbaf9c3dc6ce6db1f1b.js attach SourceMap
<s> [webpack.Progress] 92% sealing asset processing SourceMapDevToolPlugin FolderLibraryPanelsPage.2cbaf9c3dc6ce6db1f1b.js attached SourceMap
<s> [webpack.Progress] 92% sealing asset processing SourceMapDevToolPlugin FolderAlerting.0fdeacc1daa19b053580.js attach SourceMap
<s> [webpack.Progress] 92% sealing asset processing SourceMapDevToolPlugin FolderAlerting.0fdeacc1daa19b053580.js attached SourceMap
<s> [webpack.Progress] 92% sealing asset processing SourceMapDevToolPlugin LibraryPanelsPage.177b3d44a1f95fb97503.js attach SourceMap
<s> [webpack.Progress] 92% sealing asset processing SourceMapDevToolPlugin LibraryPanelsPage.177b3d44a1f95fb97503.js attached SourceMap
<s> [webpack.Progress] 92% sealing asset processing SourceMapDevToolPlugin NotificationsPage.ed175fe97cd77dc9852d.js attach SourceMap
<s> [webpack.Progress] 92% sealing asset processing SourceMapDevToolPlugin NotificationsPage.ed175fe97cd77dc9852d.js attached SourceMap
<s> [webpack.Progress] 92% sealing asset processing SourceMapDevToolPlugin DataTrailsPage.e6aa72f947f041ccd406.js attach SourceMap
<s> [webpack.Progress] 92% sealing asset processing SourceMapDevToolPlugin DataTrailsPage.e6aa72f947f041ccd406.js attached SourceMap
<s> [webpack.Progress] 92% sealing asset processing SourceMapDevToolPlugin BookmarksPage.98c2cdf579cde7ec1c57.js attach SourceMap
<s> [webpack.Progress] 92% sealing asset processing SourceMapDevToolPlugin BookmarksPage.98c2cdf579cde7ec1c57.js attached SourceMap
<s> [webpack.Progress] 92% sealing asset processing SourceMapDevToolPlugin SupportBundles.1ae168f0d169d0d4fe83.js attach SourceMap
<s> [webpack.Progress] 92% sealing asset processing SourceMapDevToolPlugin SupportBundles.1ae168f0d169d0d4fe83.js attached SourceMap
<s> [webpack.Progress] 92% sealing asset processing SourceMapDevToolPlugin SupportBundlesCreate.8b162b697cb007bca413.js attach SourceMap
<s> [webpack.Progress] 92% sealing asset processing SourceMapDevToolPlugin SupportBundlesCreate.8b162b697cb007bca413.js attached SourceMap
<s> [webpack.Progress] 92% sealing asset processing SourceMapDevToolPlugin AlertingHome.da26a58144d3ae29a869.js attach SourceMap
<s> [webpack.Progress] 92% sealing asset processing SourceMapDevToolPlugin AlertingHome.da26a58144d3ae29a869.js attached SourceMap
<s> [webpack.Progress] 92% sealing asset processing SourceMapDevToolPlugin AlertRuleListIndex.37a14104ef5f93fe9289.js attach SourceMap
<s> [webpack.Progress] 92% sealing asset processing SourceMapDevToolPlugin AlertRuleListIndex.37a14104ef5f93fe9289.js attached SourceMap
<s> [webpack.Progress] 92% sealing asset processing SourceMapDevToolPlugin NotificationPoliciesPage.b9e7daf2935888323a60.js attach SourceMap
<s> [webpack.Progress] 92% sealing asset processing SourceMapDevToolPlugin NotificationPoliciesPage.b9e7daf2935888323a60.js attached SourceMap
<s> [webpack.Progress] 92% sealing asset processing SourceMapDevToolPlugin NewMuteTiming.0ff4b56532b8362628fd.js attach SourceMap
<s> [webpack.Progress] 92% sealing asset processing SourceMapDevToolPlugin NewMuteTiming.0ff4b56532b8362628fd.js attached SourceMap
<s> [webpack.Progress] 92% sealing asset processing SourceMapDevToolPlugin EditMuteTiming.8d961c878d86d0b2bcf6.js attach SourceMap
<s> [webpack.Progress] 92% sealing asset processing SourceMapDevToolPlugin EditMuteTiming.8d961c878d86d0b2bcf6.js attached SourceMap
<s> [webpack.Progress] 92% sealing asset processing SourceMapDevToolPlugin SilencesTablePage.cb121660a70f0785f332.js attach SourceMap
<s> [webpack.Progress] 92% sealing asset processing SourceMapDevToolPlugin SilencesTablePage.cb121660a70f0785f332.js attached SourceMap
<s> [webpack.Progress] 92% sealing asset processing SourceMapDevToolPlugin NewSilencePage.d52bfa287c1abb4a33d2.js attach SourceMap
<s> [webpack.Progress] 92% sealing asset processing SourceMapDevToolPlugin NewSilencePage.d52bfa287c1abb4a33d2.js attached SourceMap
<s> [webpack.Progress] 92% sealing asset processing SourceMapDevToolPlugin ContactPoints.f5139e733d88b0df3408.js attach SourceMap
<s> [webpack.Progress] 92% sealing asset processing SourceMapDevToolPlugin ContactPoints.f5139e733d88b0df3408.js attached SourceMap
<s> [webpack.Progress] 92% sealing asset processing SourceMapDevToolPlugin NewReceiverView.4123ba02f5a7554cbda3.js attach SourceMap
<s> [webpack.Progress] 92% sealing asset processing SourceMapDevToolPlugin NewReceiverView.4123ba02f5a7554cbda3.js attached SourceMap
<s> [webpack.Progress] 92% sealing asset processing SourceMapDevToolPlugin EditContactPoint.c7d39b8c21aeb6d0495d.js attach SourceMap
<s> [webpack.Progress] 92% sealing asset processing SourceMapDevToolPlugin EditContactPoint.c7d39b8c21aeb6d0495d.js attached SourceMap
<s> [webpack.Progress] 92% sealing asset processing SourceMapDevToolPlugin Templates.497e64512285b8ca4688.js attach SourceMap
<s> [webpack.Progress] 92% sealing asset processing SourceMapDevToolPlugin Templates.497e64512285b8ca4688.js attached SourceMap
<s> [webpack.Progress] 92% sealing asset processing SourceMapDevToolPlugin GlobalConfig.12ad5441962a1d15f221.js attach SourceMap
<s> [webpack.Progress] 92% sealing asset processing SourceMapDevToolPlugin GlobalConfig.12ad5441962a1d15f221.js attached SourceMap
<s> [webpack.Progress] 92% sealing asset processing SourceMapDevToolPlugin AlertGroups.dfde9ccaf77155993701.js attach SourceMap
<s> [webpack.Progress] 92% sealing asset processing SourceMapDevToolPlugin AlertGroups.dfde9ccaf77155993701.js attached SourceMap
<s> [webpack.Progress] 92% sealing asset processing SourceMapDevToolPlugin HistoryPage.4779a8eab97e6b95f72b.js attach SourceMap
<s> [webpack.Progress] 92% sealing asset processing SourceMapDevToolPlugin HistoryPage.4779a8eab97e6b95f72b.js attached SourceMap
<s> [webpack.Progress] 92% sealing asset processing SourceMapDevToolPlugin AlertingRuleForm.16d29c582a360c43b13d.js attach SourceMap
<s> [webpack.Progress] 92% sealing asset processing SourceMapDevToolPlugin AlertingRuleForm.16d29c582a360c43b13d.js attached SourceMap
<s> [webpack.Progress] 92% sealing asset processing SourceMapDevToolPlugin AlertingRedirectToRule.4daf05ac2d4bc83698ff.js attach SourceMap
<s> [webpack.Progress] 92% sealing asset processing SourceMapDevToolPlugin AlertingRedirectToRule.4daf05ac2d4bc83698ff.js attached SourceMap
<s> [webpack.Progress] 92% sealing asset processing SourceMapDevToolPlugin AlertingSettings.5c85f5acda33bc630225.js attach SourceMap
<s> [webpack.Progress] 92% sealing asset processing SourceMapDevToolPlugin AlertingSettings.5c85f5acda33bc630225.js attached SourceMap
<s> [webpack.Progress] 92% sealing asset processing SourceMapDevToolPlugin AlertingDisabled.b1bbfb5f63ec361eacdb.js attach SourceMap
<s> [webpack.Progress] 92% sealing asset processing SourceMapDevToolPlugin AlertingDisabled.b1bbfb5f63ec361eacdb.js attached SourceMap
<s> [webpack.Progress] 92% sealing asset processing SourceMapDevToolPlugin Connections.c77086841da55e488a15.js attach SourceMap
<s> [webpack.Progress] 92% sealing asset processing SourceMapDevToolPlugin Connections.c77086841da55e488a15.js attached SourceMap
<s> [webpack.Progress] 92% sealing asset processing SourceMapDevToolPlugin PluginListPage.c8e26b3d6fb4c3e27fe5.js attach SourceMap
<s> [webpack.Progress] 92% sealing asset processing SourceMapDevToolPlugin PluginListPage.c8e26b3d6fb4c3e27fe5.js attached SourceMap
<s> [webpack.Progress] 92% sealing asset processing SourceMapDevToolPlugin PluginPage.ec053675ed8347b7fba1.js attach SourceMap
<s> [webpack.Progress] 92% sealing asset processing SourceMapDevToolPlugin PluginPage.ec053675ed8347b7fba1.js attached SourceMap
<s> [webpack.Progress] 92% sealing asset processing SourceMapDevToolPlugin UserProfileEditPage.24639a94e194c77fdde6.js attach SourceMap
<s> [webpack.Progress] 92% sealing asset processing SourceMapDevToolPlugin UserProfileEditPage.24639a94e194c77fdde6.js attached SourceMap
<s> [webpack.Progress] 92% sealing asset processing SourceMapDevToolPlugin 6686.8e159adb20492c0ca70f.js attach SourceMap
<s> [webpack.Progress] 92% sealing asset processing SourceMapDevToolPlugin 6686.8e159adb20492c0ca70f.js attached SourceMap
<s> [webpack.Progress] 92% sealing asset processing SourceMapDevToolPlugin SelectOrgPage.2edb02a07dcb9fb28f2a.js attach SourceMap
<s> [webpack.Progress] 92% sealing asset processing SourceMapDevToolPlugin SelectOrgPage.2edb02a07dcb9fb28f2a.js attached SourceMap
<s> [webpack.Progress] 92% sealing asset processing SourceMapDevToolPlugin ProfileFeatureTogglePage.0cf47215d7c5d817377a.js attach SourceMap
<s> [webpack.Progress] 92% sealing asset processing SourceMapDevToolPlugin ProfileFeatureTogglePage.0cf47215d7c5d817377a.js attached SourceMap
<s> [webpack.Progress] 92% sealing asset processing SourceMapDevToolPlugin ListPublicDashboardPage.654e31692383d4c3bcf8.js attach SourceMap
<s> [webpack.Progress] 92% sealing asset processing SourceMapDevToolPlugin ListPublicDashboardPage.654e31692383d4c3bcf8.js attached SourceMap
<s> [webpack.Progress] 92% sealing asset processing SourceMapDevToolPlugin PublicDashboardPage.3ad5774cc0001a05caba.js attach SourceMap
<s> [webpack.Progress] 92% sealing asset processing SourceMapDevToolPlugin PublicDashboardPage.3ad5774cc0001a05caba.js attached SourceMap
<s> [webpack.Progress] 92% sealing asset processing SourceMapDevToolPlugin AngularApp.11ff31c9b4a2240cc5a5.js attach SourceMap
<s> [webpack.Progress] 92% sealing asset processing SourceMapDevToolPlugin AngularApp.11ff31c9b4a2240cc5a5.js attached SourceMap
<s> [webpack.Progress] 92% sealing asset processing SourceMapDevToolPlugin 3804.be9e3dd73676f73d4778.js attach SourceMap
<s> [webpack.Progress] 92% sealing asset processing SourceMapDevToolPlugin 3804.be9e3dd73676f73d4778.js attached SourceMap
<s> [webpack.Progress] 92% sealing asset processing SourceMapDevToolPlugin 4747.c2a95133e9b8c752a3c6.js attach SourceMap
<s> [webpack.Progress] 92% sealing asset processing SourceMapDevToolPlugin 4747.c2a95133e9b8c752a3c6.js attached SourceMap
<s> [webpack.Progress] 92% sealing asset processing SourceMapDevToolPlugin 1162.6e144d9219f584a3edec.js attach SourceMap
<s> [webpack.Progress] 92% sealing asset processing SourceMapDevToolPlugin 1162.6e144d9219f584a3edec.js attached SourceMap
<s> [webpack.Progress] 92% sealing asset processing SourceMapDevToolPlugin 9044.03f69e1f7e1135678acf.js attach SourceMap
<s> [webpack.Progress] 92% sealing asset processing SourceMapDevToolPlugin 9044.03f69e1f7e1135678acf.js attached SourceMap
<s> [webpack.Progress] 92% sealing asset processing SourceMapDevToolPlugin 4064.8993e2cb9e50e5c9dbeb.js attach SourceMap
<s> [webpack.Progress] 92% sealing asset processing SourceMapDevToolPlugin 4064.8993e2cb9e50e5c9dbeb.js attached SourceMap
<s> [webpack.Progress] 92% sealing asset processing SourceMapDevToolPlugin 2150.35c29153960d711e9896.js attach SourceMap
<s> [webpack.Progress] 92% sealing asset processing SourceMapDevToolPlugin 2150.35c29153960d711e9896.js attached SourceMap
<s> [webpack.Progress] 92% sealing asset processing SourceMapDevToolPlugin 1821.5460994e8c27640a99f6.js attach SourceMap
<s> [webpack.Progress] 92% sealing asset processing SourceMapDevToolPlugin 1821.5460994e8c27640a99f6.js attached SourceMap
<s> [webpack.Progress] 92% sealing asset processing SourceMapDevToolPlugin 3718.818c355befbe36db2a93.js attach SourceMap
<s> [webpack.Progress] 92% sealing asset processing SourceMapDevToolPlugin 3718.818c355befbe36db2a93.js attached SourceMap
<s> [webpack.Progress] 92% sealing asset processing SourceMapDevToolPlugin alert-rules-toolbar-button.9dfd70f7e658d40d083d.js attach SourceMap
<s> [webpack.Progress] 92% sealing asset processing SourceMapDevToolPlugin alert-rules-toolbar-button.9dfd70f7e658d40d083d.js attached SourceMap
<s> [webpack.Progress] 92% sealing asset processing SourceMapDevToolPlugin EmbeddedDashboard.774badc7845cd6103791.js attach SourceMap
<s> [webpack.Progress] 92% sealing asset processing SourceMapDevToolPlugin EmbeddedDashboard.774badc7845cd6103791.js attached SourceMap
<s> [webpack.Progress] 92% sealing asset processing SourceMapDevToolPlugin 5358.2e5bae1dac5e419382e5.js attach SourceMap
<s> [webpack.Progress] 92% sealing asset processing SourceMapDevToolPlugin 5358.2e5bae1dac5e419382e5.js attached SourceMap
<s> [webpack.Progress] 92% sealing asset processing SourceMapDevToolPlugin 1420.bf86748490098cd4bec3.js attach SourceMap
<s> [webpack.Progress] 92% sealing asset processing SourceMapDevToolPlugin 1420.bf86748490098cd4bec3.js attached SourceMap
<s> [webpack.Progress] 92% sealing asset processing SourceMapDevToolPlugin 7048.a14fa6bc64d081f38899.js attach SourceMap
<s> [webpack.Progress] 92% sealing asset processing SourceMapDevToolPlugin 7048.a14fa6bc64d081f38899.js attached SourceMap
<s> [webpack.Progress] 92% sealing asset processing SourceMapDevToolPlugin 3622.01d29b409aabdb29e5fb.js attach SourceMap
<s> [webpack.Progress] 92% sealing asset processing SourceMapDevToolPlugin 3622.01d29b409aabdb29e5fb.js attached SourceMap
<s> [webpack.Progress] 92% sealing asset processing SourceMapDevToolPlugin 6185.9cc9612882a5d727516c.js attach SourceMap
<s> [webpack.Progress] 92% sealing asset processing SourceMapDevToolPlugin 6185.9cc9612882a5d727516c.js attached SourceMap
<s> [webpack.Progress] 92% sealing asset processing SourceMapDevToolPlugin 9510.49ebe25ab99c80c4da38.js attach SourceMap
<s> [webpack.Progress] 92% sealing asset processing SourceMapDevToolPlugin 9510.49ebe25ab99c80c4da38.js attached SourceMap
<s> [webpack.Progress] 92% sealing asset processing SourceMapDevToolPlugin 4334.68c307adc8a971a8d745.js attach SourceMap
<s> [webpack.Progress] 92% sealing asset processing SourceMapDevToolPlugin 4334.68c307adc8a971a8d745.js attached SourceMap
<s> [webpack.Progress] 92% sealing asset processing SourceMapDevToolPlugin 9150.c2757e77b6c34f338d76.js attach SourceMap
<s> [webpack.Progress] 92% sealing asset processing SourceMapDevToolPlugin 9150.c2757e77b6c34f338d76.js attached SourceMap
<s> [webpack.Progress] 92% sealing asset processing SourceMapDevToolPlugin 968.c2cb245eefc8727cbd22.js attach SourceMap
<s> [webpack.Progress] 92% sealing asset processing SourceMapDevToolPlugin 968.c2cb245eefc8727cbd22.js attached SourceMap
<s> [webpack.Progress] 92% sealing asset processing SourceMapDevToolPlugin 6018.194a381f88f920d9e673.js attach SourceMap
<s> [webpack.Progress] 92% sealing asset processing SourceMapDevToolPlugin 6018.194a381f88f920d9e673.js attached SourceMap
<s> [webpack.Progress] 92% sealing asset processing SourceMapDevToolPlugin 9038.f97d8784f8d3a670cc45.js attach SourceMap
<s> [webpack.Progress] 92% sealing asset processing SourceMapDevToolPlugin 9038.f97d8784f8d3a670cc45.js attached SourceMap
<s> [webpack.Progress] 92% sealing asset processing SourceMapDevToolPlugin 1446.61789a727029b16dad21.js attach SourceMap
<s> [webpack.Progress] 92% sealing asset processing SourceMapDevToolPlugin 1446.61789a727029b16dad21.js attached SourceMap
<s> [webpack.Progress] 92% sealing asset processing SourceMapDevToolPlugin 4958.cf404a0f1e3cf4ff91ae.js attach SourceMap
<s> [webpack.Progress] 92% sealing asset processing SourceMapDevToolPlugin 4958.cf404a0f1e3cf4ff91ae.js attached SourceMap
<s> [webpack.Progress] 92% sealing asset processing SourceMapDevToolPlugin 494.cc20f37c7df7e065179f.js attach SourceMap
<s> [webpack.Progress] 92% sealing asset processing SourceMapDevToolPlugin 494.cc20f37c7df7e065179f.js attached SourceMap
<s> [webpack.Progress] 92% sealing asset processing SourceMapDevToolPlugin 3062.ab2f6d292575fd782637.js attach SourceMap
<s> [webpack.Progress] 92% sealing asset processing SourceMapDevToolPlugin 3062.ab2f6d292575fd782637.js attached SourceMap
<s> [webpack.Progress] 92% sealing asset processing SourceMapDevToolPlugin 2692.18a9dd573d3d9126c5b0.js attach SourceMap
<s> [webpack.Progress] 92% sealing asset processing SourceMapDevToolPlugin 2692.18a9dd573d3d9126c5b0.js attached SourceMap
<s> [webpack.Progress] 92% sealing asset processing SourceMapDevToolPlugin 2278.8e946e894b48119d992f.js attach SourceMap
<s> [webpack.Progress] 92% sealing asset processing SourceMapDevToolPlugin 2278.8e946e894b48119d992f.js attached SourceMap
<s> [webpack.Progress] 92% sealing asset processing SourceMapDevToolPlugin 1710.cd73ba9d7a1a0f16f207.js attach SourceMap
<s> [webpack.Progress] 92% sealing asset processing SourceMapDevToolPlugin 1710.cd73ba9d7a1a0f16f207.js attached SourceMap
<s> [webpack.Progress] 92% sealing asset processing SourceMapDevToolPlugin 3726.a4f6b8c38bca438c44fa.js attach SourceMap
<s> [webpack.Progress] 92% sealing asset processing SourceMapDevToolPlugin 3726.a4f6b8c38bca438c44fa.js attached SourceMap
<s> [webpack.Progress] 92% sealing asset processing SourceMapDevToolPlugin 2244.90c82f561c7f82439879.js attach SourceMap
<s> [webpack.Progress] 92% sealing asset processing SourceMapDevToolPlugin 2244.90c82f561c7f82439879.js attached SourceMap
<s> [webpack.Progress] 92% sealing asset processing SourceMapDevToolPlugin 2094.4c999630f22e93a40cf3.js attach SourceMap
<s> [webpack.Progress] 92% sealing asset processing SourceMapDevToolPlugin 2094.4c999630f22e93a40cf3.js attached SourceMap
<s> [webpack.Progress] 92% sealing asset processing SourceMapDevToolPlugin 5364.28dbc782b2b1aa95ea25.js attach SourceMap
<s> [webpack.Progress] 92% sealing asset processing SourceMapDevToolPlugin 5364.28dbc782b2b1aa95ea25.js attached SourceMap
<s> [webpack.Progress] 92% sealing asset processing SourceMapDevToolPlugin 8902.75ba582df7090c2b8e34.js attach SourceMap
<s> [webpack.Progress] 92% sealing asset processing SourceMapDevToolPlugin 8902.75ba582df7090c2b8e34.js attached SourceMap
<s> [webpack.Progress] 92% sealing asset processing SourceMapDevToolPlugin 5455.8dd8d994719433359f8a.js attach SourceMap
<s> [webpack.Progress] 92% sealing asset processing SourceMapDevToolPlugin 5455.8dd8d994719433359f8a.js attached SourceMap
<s> [webpack.Progress] 92% sealing asset processing SourceMapDevToolPlugin 7457.938f14def523450309d5.js attach SourceMap
<s> [webpack.Progress] 92% sealing asset processing SourceMapDevToolPlugin 7457.938f14def523450309d5.js attached SourceMap
<s> [webpack.Progress] 92% sealing asset processing SourceMapDevToolPlugin 2658.c2327bd2da089346ef0e.js attach SourceMap
<s> [webpack.Progress] 92% sealing asset processing SourceMapDevToolPlugin 2658.c2327bd2da089346ef0e.js attached SourceMap
<s> [webpack.Progress] 92% sealing asset processing SourceMapDevToolPlugin 8542.616456dde3cc1b030438.js attach SourceMap
<s> [webpack.Progress] 92% sealing asset processing SourceMapDevToolPlugin 8542.616456dde3cc1b030438.js attached SourceMap
<s> [webpack.Progress] 92% sealing asset processing SourceMapDevToolPlugin 7200.d60fc187fab369d13498.js attach SourceMap
<s> [webpack.Progress] 92% sealing asset processing SourceMapDevToolPlugin 7200.d60fc187fab369d13498.js attached SourceMap
<s> [webpack.Progress] 92% sealing asset processing SourceMapDevToolPlugin 5550.ce9d79590977b4b9b739.js attach SourceMap
<s> [webpack.Progress] 92% sealing asset processing SourceMapDevToolPlugin 5550.ce9d79590977b4b9b739.js attached SourceMap
<s> [webpack.Progress] 92% sealing asset processing SourceMapDevToolPlugin 2962.11567b4d627def1de3c5.js attach SourceMap
<s> [webpack.Progress] 92% sealing asset processing SourceMapDevToolPlugin 2962.11567b4d627def1de3c5.js attached SourceMap
<s> [webpack.Progress] 92% sealing asset processing SourceMapDevToolPlugin 8566.408463425cba3027067d.js attach SourceMap
<s> [webpack.Progress] 92% sealing asset processing SourceMapDevToolPlugin 8566.408463425cba3027067d.js attached SourceMap
<s> [webpack.Progress] 92% sealing asset processing SourceMapDevToolPlugin 1122.a81aea55c7de7062fb8d.js attach SourceMap
<s> [webpack.Progress] 92% sealing asset processing SourceMapDevToolPlugin 1122.a81aea55c7de7062fb8d.js attached SourceMap
<s> [webpack.Progress] 92% sealing asset processing SourceMapDevToolPlugin 5130.deca9d1ea2a7b669bbd5.js attach SourceMap
<s> [webpack.Progress] 92% sealing asset processing SourceMapDevToolPlugin 5130.deca9d1ea2a7b669bbd5.js attached SourceMap
<s> [webpack.Progress] 92% sealing asset processing SourceMapDevToolPlugin 4114.097e5f2a19cb875c21f0.js attach SourceMap
<s> [webpack.Progress] 92% sealing asset processing SourceMapDevToolPlugin 4114.097e5f2a19cb875c21f0.js attached SourceMap
<s> [webpack.Progress] 92% sealing asset processing SourceMapDevToolPlugin 3096.ee4dbd7aec765fcff965.js attach SourceMap
<s> [webpack.Progress] 92% sealing asset processing SourceMapDevToolPlugin 3096.ee4dbd7aec765fcff965.js attached SourceMap
<s> [webpack.Progress] 92% sealing asset processing SourceMapDevToolPlugin 4120.916ee2ae2ea535989e9c.js attach SourceMap
<s> [webpack.Progress] 92% sealing asset processing SourceMapDevToolPlugin 4120.916ee2ae2ea535989e9c.js attached SourceMap
<s> [webpack.Progress] 92% sealing asset processing SourceMapDevToolPlugin 9390.61d00d910ba4890c3c4d.js attach SourceMap
<s> [webpack.Progress] 92% sealing asset processing SourceMapDevToolPlugin 9390.61d00d910ba4890c3c4d.js attached SourceMap
<s> [webpack.Progress] 92% sealing asset processing SourceMapDevToolPlugin 398.6f2697b2294e88aece29.js attach SourceMap
<s> [webpack.Progress] 92% sealing asset processing SourceMapDevToolPlugin 398.6f2697b2294e88aece29.js attached SourceMap
<s> [webpack.Progress] 92% sealing asset processing SourceMapDevToolPlugin 5786.97ecbfe9d19a8793c58d.js attach SourceMap
<s> [webpack.Progress] 92% sealing asset processing SourceMapDevToolPlugin 5786.97ecbfe9d19a8793c58d.js attached SourceMap
<s> [webpack.Progress] 92% sealing asset processing SourceMapDevToolPlugin 7466.3e3efb13a8e00eec8cde.js attach SourceMap
<s> [webpack.Progress] 92% sealing asset processing SourceMapDevToolPlugin 7466.3e3efb13a8e00eec8cde.js attached SourceMap
<s> [webpack.Progress] 92% sealing asset processing SourceMapDevToolPlugin 2686.10fd8c76a8c5f09fa5f8.js attach SourceMap
<s> [webpack.Progress] 92% sealing asset processing SourceMapDevToolPlugin 2686.10fd8c76a8c5f09fa5f8.js attached SourceMap
<s> [webpack.Progress] 92% sealing asset processing SourceMapDevToolPlugin 6940.e1cb284d7e4791ee025a.js attach SourceMap
<s> [webpack.Progress] 92% sealing asset processing SourceMapDevToolPlugin 6940.e1cb284d7e4791ee025a.js attached SourceMap
<s> [webpack.Progress] 92% sealing asset processing SourceMapDevToolPlugin 8230.9621ed06ce47b75cc89e.js attach SourceMap
<s> [webpack.Progress] 92% sealing asset processing SourceMapDevToolPlugin 8230.9621ed06ce47b75cc89e.js attached SourceMap
<s> [webpack.Progress] 92% sealing asset processing SourceMapDevToolPlugin 7886.cf298015689b645d1a00.js attach SourceMap
<s> [webpack.Progress] 92% sealing asset processing SourceMapDevToolPlugin 7886.cf298015689b645d1a00.js attached SourceMap
<s> [webpack.Progress] 92% sealing asset processing SourceMapDevToolPlugin 3182.a0fdeaf07dd1a97bbbbd.js attach SourceMap
<s> [webpack.Progress] 92% sealing asset processing SourceMapDevToolPlugin 3182.a0fdeaf07dd1a97bbbbd.js attached SourceMap
<s> [webpack.Progress] 92% sealing asset processing SourceMapDevToolPlugin 6302.164e4efd44e498b9f015.js attach SourceMap
<s> [webpack.Progress] 92% sealing asset processing SourceMapDevToolPlugin 6302.164e4efd44e498b9f015.js attached SourceMap
<s> [webpack.Progress] 92% sealing asset processing SourceMapDevToolPlugin 8390.04d3cfc17ed1ee192f1f.js attach SourceMap
<s> [webpack.Progress] 92% sealing asset processing SourceMapDevToolPlugin 8390.04d3cfc17ed1ee192f1f.js attached SourceMap
<s> [webpack.Progress] 92% sealing asset processing SourceMapDevToolPlugin 198.28029a885b0b9a9f5e6c.js attach SourceMap
<s> [webpack.Progress] 92% sealing asset processing SourceMapDevToolPlugin 198.28029a885b0b9a9f5e6c.js attached SourceMap
<s> [webpack.Progress] 92% sealing asset processing SourceMapDevToolPlugin 4209.940f3dedfe8b34a36a53.js attach SourceMap
<s> [webpack.Progress] 92% sealing asset processing SourceMapDevToolPlugin 4209.940f3dedfe8b34a36a53.js attached SourceMap
<s> [webpack.Progress] 92% sealing asset processing SourceMapDevToolPlugin 4698.c43c0d45ab181867aeb9.js attach SourceMap
<s> [webpack.Progress] 92% sealing asset processing SourceMapDevToolPlugin 4698.c43c0d45ab181867aeb9.js attached SourceMap
<s> [webpack.Progress] 92% sealing asset processing SourceMapDevToolPlugin 1118.57acf3bd4dad29a5742f.js attach SourceMap
<s> [webpack.Progress] 92% sealing asset processing SourceMapDevToolPlugin 1118.57acf3bd4dad29a5742f.js attached SourceMap
<s> [webpack.Progress] 92% sealing asset processing SourceMapDevToolPlugin 970.df83c0510d27608eb38c.js attach SourceMap
<s> [webpack.Progress] 92% sealing asset processing SourceMapDevToolPlugin 970.df83c0510d27608eb38c.js attached SourceMap
<s> [webpack.Progress] 92% sealing asset processing SourceMapDevToolPlugin 5196.f956901e757e2bb20129.js attach SourceMap
<s> [webpack.Progress] 92% sealing asset processing SourceMapDevToolPlugin 5196.f956901e757e2bb20129.js attached SourceMap
<s> [webpack.Progress] 92% sealing asset processing SourceMapDevToolPlugin 5618.d74957272d238d8be415.js attach SourceMap
<s> [webpack.Progress] 92% sealing asset processing SourceMapDevToolPlugin 5618.d74957272d238d8be415.js attached SourceMap
<s> [webpack.Progress] 92% sealing asset processing SourceMapDevToolPlugin 205.4c69e785974c62511338.js attach SourceMap
<s> [webpack.Progress] 92% sealing asset processing SourceMapDevToolPlugin 205.4c69e785974c62511338.js attached SourceMap
<s> [webpack.Progress] 92% sealing asset processing SourceMapDevToolPlugin 946.b6012c5f8a245689ebd9.js attach SourceMap
<s> [webpack.Progress] 92% sealing asset processing SourceMapDevToolPlugin 946.b6012c5f8a245689ebd9.js attached SourceMap
<s> [webpack.Progress] 92% sealing asset processing SourceMapDevToolPlugin 8990.bfd90dac0f09b31607b0.js attach SourceMap
<s> [webpack.Progress] 92% sealing asset processing SourceMapDevToolPlugin 8990.bfd90dac0f09b31607b0.js attached SourceMap
<s> [webpack.Progress] 92% sealing asset processing SourceMapDevToolPlugin 8177.f97944cc95cbc77d2e52.js attach SourceMap
<s> [webpack.Progress] 92% sealing asset processing SourceMapDevToolPlugin 8177.f97944cc95cbc77d2e52.js attached SourceMap
<s> [webpack.Progress] 92% sealing asset processing SourceMapDevToolPlugin 7246.f8acad8867014dc555c2.js attach SourceMap
<s> [webpack.Progress] 92% sealing asset processing SourceMapDevToolPlugin 7246.f8acad8867014dc555c2.js attached SourceMap
<s> [webpack.Progress] 92% sealing asset processing SourceMapDevToolPlugin 1560.4733b182e471d1f175c5.js attach SourceMap
<s> [webpack.Progress] 92% sealing asset processing SourceMapDevToolPlugin 1560.4733b182e471d1f175c5.js attached SourceMap
<s> [webpack.Progress] 92% sealing asset processing SourceMapDevToolPlugin 4680.abb56cd47ef9b2c87e98.js attach SourceMap
<s> [webpack.Progress] 92% sealing asset processing SourceMapDevToolPlugin 4680.abb56cd47ef9b2c87e98.js attached SourceMap
<s> [webpack.Progress] 92% sealing asset processing SourceMapDevToolPlugin 4962.cbc4f9f21b82b9055356.js attach SourceMap
<s> [webpack.Progress] 92% sealing asset processing SourceMapDevToolPlugin 4962.cbc4f9f21b82b9055356.js attached SourceMap
<s> [webpack.Progress] 92% sealing asset processing SourceMapDevToolPlugin 6446.80c1634bb1157350ca5b.js attach SourceMap
<s> [webpack.Progress] 92% sealing asset processing SourceMapDevToolPlugin 6446.80c1634bb1157350ca5b.js attached SourceMap
<s> [webpack.Progress] 92% sealing asset processing SourceMapDevToolPlugin 8494.74c2005f6d017b49f9f7.js attach SourceMap
<s> [webpack.Progress] 92% sealing asset processing SourceMapDevToolPlugin 8494.74c2005f6d017b49f9f7.js attached SourceMap
<s> [webpack.Progress] 92% sealing asset processing SourceMapDevToolPlugin 1888.51899f7511729de0a8a1.js attach SourceMap
<s> [webpack.Progress] 92% sealing asset processing SourceMapDevToolPlugin 1888.51899f7511729de0a8a1.js attached SourceMap
<s> [webpack.Progress] 92% sealing asset processing SourceMapDevToolPlugin 9034.0d91da19143eb34d4957.js attach SourceMap
<s> [webpack.Progress] 92% sealing asset processing SourceMapDevToolPlugin 9034.0d91da19143eb34d4957.js attached SourceMap
<s> [webpack.Progress] 92% sealing asset processing SourceMapDevToolPlugin 3042.448eae70045e8c5b2bbd.js attach SourceMap
<s> [webpack.Progress] 92% sealing asset processing SourceMapDevToolPlugin 3042.448eae70045e8c5b2bbd.js attached SourceMap
<s> [webpack.Progress] 92% sealing asset processing SourceMapDevToolPlugin 8332.86c83bf24bbb269ee884.js attach SourceMap
<s> [webpack.Progress] 92% sealing asset processing SourceMapDevToolPlugin 8332.86c83bf24bbb269ee884.js attached SourceMap
<s> [webpack.Progress] 92% sealing asset processing SourceMapDevToolPlugin 1282.27175fb64b4ff209b9fa.js attach SourceMap
<s> [webpack.Progress] 92% sealing asset processing SourceMapDevToolPlugin 1282.27175fb64b4ff209b9fa.js attached SourceMap
<s> [webpack.Progress] 92% sealing asset processing SourceMapDevToolPlugin 1914.9e24bde26c215a5ca59e.js attach SourceMap
<s> [webpack.Progress] 92% sealing asset processing SourceMapDevToolPlugin 1914.9e24bde26c215a5ca59e.js attached SourceMap
<s> [webpack.Progress] 92% sealing asset processing SourceMapDevToolPlugin 8334.13b8bdcfac54fcb203a0.js attach SourceMap
<s> [webpack.Progress] 92% sealing asset processing SourceMapDevToolPlugin 8334.13b8bdcfac54fcb203a0.js attached SourceMap
<s> [webpack.Progress] 92% sealing asset processing SourceMapDevToolPlugin 4630.ad43121e44a95b1b3eee.js attach SourceMap
<s> [webpack.Progress] 92% sealing asset processing SourceMapDevToolPlugin 4630.ad43121e44a95b1b3eee.js attached SourceMap
<s> [webpack.Progress] 92% sealing asset processing SourceMapDevToolPlugin 2398.5e920638e429a5fe35fd.js attach SourceMap
<s> [webpack.Progress] 92% sealing asset processing SourceMapDevToolPlugin 2398.5e920638e429a5fe35fd.js attached SourceMap
<s> [webpack.Progress] 92% sealing asset processing SourceMapDevToolPlugin 6414.b8f4ab6262689f3f881c.js attach SourceMap
<s> [webpack.Progress] 92% sealing asset processing SourceMapDevToolPlugin 6414.b8f4ab6262689f3f881c.js attached SourceMap
<s> [webpack.Progress] 92% sealing asset processing SourceMapDevToolPlugin 2586.097ee8de0a64316cd697.js attach SourceMap
<s> [webpack.Progress] 92% sealing asset processing SourceMapDevToolPlugin 2586.097ee8de0a64316cd697.js attached SourceMap
<s> [webpack.Progress] 92% sealing asset processing SourceMapDevToolPlugin 6830.35a370429b49aa61c5a1.js attach SourceMap
<s> [webpack.Progress] 92% sealing asset processing SourceMapDevToolPlugin 6830.35a370429b49aa61c5a1.js attached SourceMap
<s> [webpack.Progress] 92% sealing asset processing SourceMapDevToolPlugin 1740.8069d7185f39b4b72bff.js attach SourceMap
<s> [webpack.Progress] 92% sealing asset processing SourceMapDevToolPlugin 1740.8069d7185f39b4b72bff.js attached SourceMap
<s> [webpack.Progress] 92% sealing asset processing SourceMapDevToolPlugin 1438.ea44db01ddcb7a921dae.js attach SourceMap
<s> [webpack.Progress] 92% sealing asset processing SourceMapDevToolPlugin 1438.ea44db01ddcb7a921dae.js attached SourceMap
<s> [webpack.Progress] 92% sealing asset processing SourceMapDevToolPlugin 6990.94285dde2b2ed16d8aff.js attach SourceMap
<s> [webpack.Progress] 92% sealing asset processing SourceMapDevToolPlugin 6990.94285dde2b2ed16d8aff.js attached SourceMap
<s> [webpack.Progress] 92% sealing asset processing SourceMapDevToolPlugin 2745.3361116445c527b100af.js attach SourceMap
<s> [webpack.Progress] 92% sealing asset processing SourceMapDevToolPlugin 2745.3361116445c527b100af.js attached SourceMap
<s> [webpack.Progress] 92% sealing asset processing SourceMapDevToolPlugin 2077.78aab55580e060afdc8f.js attach SourceMap
<s> [webpack.Progress] 92% sealing asset processing SourceMapDevToolPlugin 2077.78aab55580e060afdc8f.js attached SourceMap
<s> [webpack.Progress] 92% sealing asset processing SourceMapDevToolPlugin 4839.b8f4f495271cf2fdf06b.js attach SourceMap
<s> [webpack.Progress] 92% sealing asset processing SourceMapDevToolPlugin 4839.b8f4f495271cf2fdf06b.js attached SourceMap
<s> [webpack.Progress] 92% sealing asset processing SourceMapDevToolPlugin 9355.622a75dd8fb0361e1330.js attach SourceMap
<s> [webpack.Progress] 92% sealing asset processing SourceMapDevToolPlugin 9355.622a75dd8fb0361e1330.js attached SourceMap
<s> [webpack.Progress] 92% sealing asset processing SourceMapDevToolPlugin sql-query-editor.54b87a73114b6e80fa5d.js attach SourceMap
<s> [webpack.Progress] 92% sealing asset processing SourceMapDevToolPlugin sql-query-editor.54b87a73114b6e80fa5d.js attached SourceMap
<s> [webpack.Progress] 92% sealing asset processing SourceMapDevToolPlugin 7882.b08dcec2c5060e2f958f.js attach SourceMap
<s> [webpack.Progress] 92% sealing asset processing SourceMapDevToolPlugin 7882.b08dcec2c5060e2f958f.js attached SourceMap
<s> [webpack.Progress] 92% sealing asset processing SourceMapDevToolPlugin 5280.fb0d4a072d1eccf1f036.js attach SourceMap
<s> [webpack.Progress] 92% sealing asset processing SourceMapDevToolPlugin 5280.fb0d4a072d1eccf1f036.js attached SourceMap
<s> [webpack.Progress] 92% sealing asset processing SourceMapDevToolPlugin 2446.7007790c67ed61c19dda.js attach SourceMap
<s> [webpack.Progress] 92% sealing asset processing SourceMapDevToolPlugin 2446.7007790c67ed61c19dda.js attached SourceMap
<s> [webpack.Progress] 92% sealing asset processing SourceMapDevToolPlugin 1183.ec08bdfa586c5798ad4e.js attach SourceMap
<s> [webpack.Progress] 92% sealing asset processing SourceMapDevToolPlugin 1183.ec08bdfa586c5798ad4e.js attached SourceMap
<s> [webpack.Progress] 92% sealing asset processing SourceMapDevToolPlugin 4786.8e964e14ae7d7844eca8.js attach SourceMap
<s> [webpack.Progress] 92% sealing asset processing SourceMapDevToolPlugin 4786.8e964e14ae7d7844eca8.js attached SourceMap
<s> [webpack.Progress] 92% sealing asset processing SourceMapDevToolPlugin 733.aa5a8e5b80be5314a28a.js attach SourceMap
<s> [webpack.Progress] 92% sealing asset processing SourceMapDevToolPlugin 733.aa5a8e5b80be5314a28a.js attached SourceMap
<s> [webpack.Progress] 92% sealing asset processing SourceMapDevToolPlugin 1855.69864eda50a7ec476d6f.js attach SourceMap
<s> [webpack.Progress] 92% sealing asset processing SourceMapDevToolPlugin 1855.69864eda50a7ec476d6f.js attached SourceMap
<s> [webpack.Progress] 92% sealing asset processing SourceMapDevToolPlugin 3430.692ffa05b9c9de5d580f.js attach SourceMap
<s> [webpack.Progress] 92% sealing asset processing SourceMapDevToolPlugin 3430.692ffa05b9c9de5d580f.js attached SourceMap
<s> [webpack.Progress] 92% sealing asset processing SourceMapDevToolPlugin 8285.bc77059d8c35055a295f.js attach SourceMap
<s> [webpack.Progress] 92% sealing asset processing SourceMapDevToolPlugin 8285.bc77059d8c35055a295f.js attached SourceMap
<s> [webpack.Progress] 92% sealing asset processing SourceMapDevToolPlugin brace.15606c254e327b6131ab.js attach SourceMap
<s> [webpack.Progress] 92% sealing asset processing SourceMapDevToolPlugin brace.15606c254e327b6131ab.js attached SourceMap
<s> [webpack.Progress] 92% sealing asset processing SourceMapDevToolPlugin 6464.24483d49522abc75d9b4.js attach SourceMap
<s> [webpack.Progress] 92% sealing asset processing SourceMapDevToolPlugin 6464.24483d49522abc75d9b4.js attached SourceMap
<s> [webpack.Progress] 92% sealing asset processing SourceMapDevToolPlugin 2694.bc9b09022bb1d27a59c8.js attach SourceMap
<s> [webpack.Progress] 92% sealing asset processing SourceMapDevToolPlugin 2694.bc9b09022bb1d27a59c8.js attached SourceMap
<s> [webpack.Progress] 92% sealing asset processing SourceMapDevToolPlugin 7391.2b55038b2df13c3c8606.js attach SourceMap
<s> [webpack.Progress] 92% sealing asset processing SourceMapDevToolPlugin 7391.2b55038b2df13c3c8606.js attached SourceMap
<s> [webpack.Progress] 92% sealing asset processing SourceMapDevToolPlugin 2228.85702408f9594504f17a.js attach SourceMap
<s> [webpack.Progress] 92% sealing asset processing SourceMapDevToolPlugin 2228.85702408f9594504f17a.js attached SourceMap
<s> [webpack.Progress] 92% sealing asset processing SourceMapDevToolPlugin 2514.1e86dd8544f965415b52.js attach SourceMap
<s> [webpack.Progress] 92% sealing asset processing SourceMapDevToolPlugin 2514.1e86dd8544f965415b52.js attached SourceMap
<s> [webpack.Progress] 92% sealing asset processing SourceMapDevToolPlugin 7515.3c3997c28ebc43733294.js attach SourceMap
<s> [webpack.Progress] 92% sealing asset processing SourceMapDevToolPlugin 7515.3c3997c28ebc43733294.js attached SourceMap
<s> [webpack.Progress] 92% sealing asset processing SourceMapDevToolPlugin 4289.d8113c9700b4ea568760.js attach SourceMap
<s> [webpack.Progress] 92% sealing asset processing SourceMapDevToolPlugin 4289.d8113c9700b4ea568760.js attached SourceMap
<s> [webpack.Progress] 92% sealing asset processing SourceMapDevToolPlugin 1708.39b4c2283e07d91f0028.js attach SourceMap
<s> [webpack.Progress] 92% sealing asset processing SourceMapDevToolPlugin 1708.39b4c2283e07d91f0028.js attached SourceMap
<s> [webpack.Progress] 92% sealing asset processing SourceMapDevToolPlugin 7613.9e8ba6ae41186dc64cdb.js attach SourceMap
<s> [webpack.Progress] 92% sealing asset processing SourceMapDevToolPlugin 7613.9e8ba6ae41186dc64cdb.js attached SourceMap
<s> [webpack.Progress] 92% sealing asset processing SourceMapDevToolPlugin 8730.716d88fdcb58926051a2.js attach SourceMap
<s> [webpack.Progress] 92% sealing asset processing SourceMapDevToolPlugin 8730.716d88fdcb58926051a2.js attached SourceMap
<s> [webpack.Progress] 92% sealing asset processing SourceMapDevToolPlugin 9118.44e357efdd5d06d27fab.js attach SourceMap
<s> [webpack.Progress] 92% sealing asset processing SourceMapDevToolPlugin 9118.44e357efdd5d06d27fab.js attached SourceMap
<s> [webpack.Progress] 92% sealing asset processing SourceMapDevToolPlugin 5277.c37409254bdc83916cb3.js attach SourceMap
<s> [webpack.Progress] 92% sealing asset processing SourceMapDevToolPlugin 5277.c37409254bdc83916cb3.js attached SourceMap
<s> [webpack.Progress] 92% sealing asset processing SourceMapDevToolPlugin 9384.59a771a7c19382207905.js attach SourceMap
<s> [webpack.Progress] 92% sealing asset processing SourceMapDevToolPlugin 9384.59a771a7c19382207905.js attached SourceMap
<s> [webpack.Progress] 92% sealing asset processing SourceMapDevToolPlugin alert-rules-drawer-content.ca28cc30a76b45773001.js attach SourceMap
<s> [webpack.Progress] 92% sealing asset processing SourceMapDevToolPlugin alert-rules-drawer-content.ca28cc30a76b45773001.js attached SourceMap
<s> [webpack.Progress] 92% sealing asset processing SourceMapDevToolPlugin 9000.e714d8465599505c82c2.js attach SourceMap
<s> [webpack.Progress] 92% sealing asset processing SourceMapDevToolPlugin 9000.e714d8465599505c82c2.js attached SourceMap
<s> [webpack.Progress] 92% sealing asset processing SourceMapDevToolPlugin 6029.4ffa3107378eea1ab3e1.js attach SourceMap
<s> [webpack.Progress] 92% sealing asset processing SourceMapDevToolPlugin 6029.4ffa3107378eea1ab3e1.js attached SourceMap
<s> [webpack.Progress] 92% sealing asset processing SourceMapDevToolPlugin 3196.216630c1ef9cab6b7d91.js attach SourceMap
<s> [webpack.Progress] 92% sealing asset processing SourceMapDevToolPlugin 3196.216630c1ef9cab6b7d91.js attached SourceMap
<s> [webpack.Progress] 92% sealing asset processing SourceMapDevToolPlugin 9890.b769cfcf3f7f91d7568f.js attach SourceMap
<s> [webpack.Progress] 92% sealing asset processing SourceMapDevToolPlugin 9890.b769cfcf3f7f91d7568f.js attached SourceMap
<s> [webpack.Progress] 92% sealing asset processing SourceMapDevToolPlugin 5853.ee957ba312bd69d1a41e.js attach SourceMap
<s> [webpack.Progress] 92% sealing asset processing SourceMapDevToolPlugin 5853.ee957ba312bd69d1a41e.js attached SourceMap
<s> [webpack.Progress] 92% sealing asset processing SourceMapDevToolPlugin 5906.99b1e728756e28e119f7.js attach SourceMap
<s> [webpack.Progress] 92% sealing asset processing SourceMapDevToolPlugin 5906.99b1e728756e28e119f7.js attached SourceMap
<s> [webpack.Progress] 92% sealing asset processing SourceMapDevToolPlugin 630.c519eda536b349192b93.js attach SourceMap
<s> [webpack.Progress] 92% sealing asset processing SourceMapDevToolPlugin 630.c519eda536b349192b93.js attached SourceMap
<s> [webpack.Progress] 92% sealing asset processing SourceMapDevToolPlugin 7675.b7410ab172e0ba4e0cb0.js attach SourceMap
<s> [webpack.Progress] 92% sealing asset processing SourceMapDevToolPlugin 7675.b7410ab172e0ba4e0cb0.js attached SourceMap
<s> [webpack.Progress] 92% sealing asset processing SourceMapDevToolPlugin 1085.de2dca4e613bcb855d2c.js attach SourceMap
<s> [webpack.Progress] 92% sealing asset processing SourceMapDevToolPlugin 1085.de2dca4e613bcb855d2c.js attached SourceMap
<s> [webpack.Progress] 92% sealing asset processing SourceMapDevToolPlugin 3171.177d1b5658803779ad36.js attach SourceMap
<s> [webpack.Progress] 92% sealing asset processing SourceMapDevToolPlugin 3171.177d1b5658803779ad36.js attached SourceMap
<s> [webpack.Progress] 92% sealing asset processing SourceMapDevToolPlugin 407.a8072bc1ca3d9f6722be.js attach SourceMap
<s> [webpack.Progress] 92% sealing asset processing SourceMapDevToolPlugin 407.a8072bc1ca3d9f6722be.js attached SourceMap
<s> [webpack.Progress] 92% sealing asset processing SourceMapDevToolPlugin 3169.88dbede90efba9c3f7ba.js attach SourceMap
<s> [webpack.Progress] 92% sealing asset processing SourceMapDevToolPlugin 3169.88dbede90efba9c3f7ba.js attached SourceMap
<s> [webpack.Progress] 92% sealing asset processing SourceMapDevToolPlugin 825.b347cc97a4a01251d12d.js attach SourceMap
<s> [webpack.Progress] 92% sealing asset processing SourceMapDevToolPlugin 825.b347cc97a4a01251d12d.js attached SourceMap
<s> [webpack.Progress] 92% sealing asset processing SourceMapDevToolPlugin 7445.964ddba905da43b66112.js attach SourceMap
<s> [webpack.Progress] 92% sealing asset processing SourceMapDevToolPlugin 7445.964ddba905da43b66112.js attached SourceMap
<s> [webpack.Progress] 92% sealing asset processing SourceMapDevToolPlugin 7788.44947cdaa716d331fecf.js attach SourceMap
<s> [webpack.Progress] 92% sealing asset processing SourceMapDevToolPlugin 7788.44947cdaa716d331fecf.js attached SourceMap
<s> [webpack.Progress] 92% sealing asset processing SourceMapDevToolPlugin 479.4d9239996dcf19366053.js attach SourceMap
<s> [webpack.Progress] 92% sealing asset processing SourceMapDevToolPlugin 479.4d9239996dcf19366053.js attached SourceMap
<s> [webpack.Progress] 92% sealing asset processing SourceMapDevToolPlugin 3496.d582d6f56f9abe68594e.js attach SourceMap
<s> [webpack.Progress] 92% sealing asset processing SourceMapDevToolPlugin 3496.d582d6f56f9abe68594e.js attached SourceMap
<s> [webpack.Progress] 92% sealing asset processing SourceMapDevToolPlugin 3461.1479671aa8a7bbf98472.js attach SourceMap
<s> [webpack.Progress] 92% sealing asset processing SourceMapDevToolPlugin 3461.1479671aa8a7bbf98472.js attached SourceMap
<s> [webpack.Progress] 92% sealing asset processing SourceMapDevToolPlugin 5028.aff11ca8140f9eaebe3d.js attach SourceMap
<s> [webpack.Progress] 92% sealing asset processing SourceMapDevToolPlugin 5028.aff11ca8140f9eaebe3d.js attached SourceMap
<s> [webpack.Progress] 92% sealing asset processing SourceMapDevToolPlugin 5074.f7992870758eaaeb9e53.js attach SourceMap
<s> [webpack.Progress] 92% sealing asset processing SourceMapDevToolPlugin 5074.f7992870758eaaeb9e53.js attached SourceMap
<s> [webpack.Progress] 92% sealing asset processing SourceMapDevToolPlugin 8979.4ffdd269ba0fdfc66c01.js attach SourceMap
<s> [webpack.Progress] 92% sealing asset processing SourceMapDevToolPlugin 8979.4ffdd269ba0fdfc66c01.js attached SourceMap
<s> [webpack.Progress] 92% sealing asset processing SourceMapDevToolPlugin 8022.d56fbd95fe6f7eeea0f0.js attach SourceMap
<s> [webpack.Progress] 92% sealing asset processing SourceMapDevToolPlugin 8022.d56fbd95fe6f7eeea0f0.js attached SourceMap
<s> [webpack.Progress] 92% sealing asset processing SourceMapDevToolPlugin 7396.0b95bd00a764f929e9c1.js attach SourceMap
<s> [webpack.Progress] 92% sealing asset processing SourceMapDevToolPlugin 7396.0b95bd00a764f929e9c1.js attached SourceMap
<s> [webpack.Progress] 92% sealing asset processing SourceMapDevToolPlugin 5085.8b8599681c011fccc6cd.js attach SourceMap
<s> [webpack.Progress] 92% sealing asset processing SourceMapDevToolPlugin 5085.8b8599681c011fccc6cd.js attached SourceMap
<s> [webpack.Progress] 92% sealing asset processing SourceMapDevToolPlugin 9613.9c0e2e4a96cd1b63de09.js attach SourceMap
<s> [webpack.Progress] 92% sealing asset processing SourceMapDevToolPlugin 9613.9c0e2e4a96cd1b63de09.js attached SourceMap
<s> [webpack.Progress] 92% sealing asset processing SourceMapDevToolPlugin 6144.d0239a2a4daa49468c58.js attach SourceMap
<s> [webpack.Progress] 92% sealing asset processing SourceMapDevToolPlugin 6144.d0239a2a4daa49468c58.js attached SourceMap
<s> [webpack.Progress] 92% sealing asset processing SourceMapDevToolPlugin 1595.4b411405624bf0b28cea.js attach SourceMap
<s> [webpack.Progress] 92% sealing asset processing SourceMapDevToolPlugin 1595.4b411405624bf0b28cea.js attached SourceMap
<s> [webpack.Progress] 92% sealing asset processing SourceMapDevToolPlugin 9527.a82e995518b5ff614c02.js attach SourceMap
<s> [webpack.Progress] 92% sealing asset processing SourceMapDevToolPlugin 9527.a82e995518b5ff614c02.js attached SourceMap
<s> [webpack.Progress] 92% sealing asset processing SourceMapDevToolPlugin 6900.9f73e7a642a7e0c96cae.js attach SourceMap
<s> [webpack.Progress] 92% sealing asset processing SourceMapDevToolPlugin 6900.9f73e7a642a7e0c96cae.js attached SourceMap
<s> [webpack.Progress] 92% sealing asset processing SourceMapDevToolPlugin 5362.4cd87ac26a8b38015630.js attach SourceMap
<s> [webpack.Progress] 92% sealing asset processing SourceMapDevToolPlugin 5362.4cd87ac26a8b38015630.js attached SourceMap
<s> [webpack.Progress] 92% sealing asset processing SourceMapDevToolPlugin 8477.d3f7f39caedb9eb5d08e.js attach SourceMap
<s> [webpack.Progress] 92% sealing asset processing SourceMapDevToolPlugin 8477.d3f7f39caedb9eb5d08e.js attached SourceMap
<s> [webpack.Progress] 92% sealing asset processing SourceMapDevToolPlugin 1838.cc62a81df752d956d7f6.js attach SourceMap
<s> [webpack.Progress] 92% sealing asset processing SourceMapDevToolPlugin 1838.cc62a81df752d956d7f6.js attached SourceMap
<s> [webpack.Progress] 92% sealing asset processing SourceMapDevToolPlugin 7836.9bac8f1d4b7eb43522fc.js attach SourceMap
<s> [webpack.Progress] 92% sealing asset processing SourceMapDevToolPlugin 7836.9bac8f1d4b7eb43522fc.js attached SourceMap
<s> [webpack.Progress] 92% sealing asset processing SourceMapDevToolPlugin 8051.6bfc3146403a73d8c42d.js attach SourceMap
<s> [webpack.Progress] 92% sealing asset processing SourceMapDevToolPlugin 8051.6bfc3146403a73d8c42d.js attached SourceMap
<s> [webpack.Progress] 92% sealing asset processing SourceMapDevToolPlugin 9431.63013377dae385ac1e5d.js attach SourceMap
<s> [webpack.Progress] 92% sealing asset processing SourceMapDevToolPlugin 9431.63013377dae385ac1e5d.js attached SourceMap
<s> [webpack.Progress] 92% sealing asset processing SourceMapDevToolPlugin 1037.06c1ec690fef52fb06e5.js attach SourceMap
<s> [webpack.Progress] 92% sealing asset processing SourceMapDevToolPlugin 1037.06c1ec690fef52fb06e5.js attached SourceMap
<s> [webpack.Progress] 92% sealing asset processing SourceMapDevToolPlugin 3776.aa11bbadcbf825af39f7.js attach SourceMap
<s> [webpack.Progress] 92% sealing asset processing SourceMapDevToolPlugin 3776.aa11bbadcbf825af39f7.js attached SourceMap
<s> [webpack.Progress] 92% sealing asset processing SourceMapDevToolPlugin 7315.aed46fb62e0c6a92702a.js attach SourceMap
<s> [webpack.Progress] 92% sealing asset processing SourceMapDevToolPlugin 7315.aed46fb62e0c6a92702a.js attached SourceMap
<s> [webpack.Progress] 92% sealing asset processing SourceMapDevToolPlugin 6814.8ef87936919f7fb3e3ce.js attach SourceMap
<s> [webpack.Progress] 92% sealing asset processing SourceMapDevToolPlugin 6814.8ef87936919f7fb3e3ce.js attached SourceMap
<s> [webpack.Progress] 92% sealing asset processing SourceMapDevToolPlugin 8835.5103ef1b20d0aaf2feeb.js attach SourceMap
<s> [webpack.Progress] 92% sealing asset processing SourceMapDevToolPlugin 8835.5103ef1b20d0aaf2feeb.js attached SourceMap
<s> [webpack.Progress] 92% sealing asset processing SourceMapDevToolPlugin 3141.5de0a7edb73d2a6dcd77.js attach SourceMap
<s> [webpack.Progress] 92% sealing asset processing SourceMapDevToolPlugin 3141.5de0a7edb73d2a6dcd77.js attached SourceMap
<s> [webpack.Progress] 92% sealing asset processing SourceMapDevToolPlugin 2041.31fbef60f2db83cded91.js attach SourceMap
<s> [webpack.Progress] 92% sealing asset processing SourceMapDevToolPlugin 2041.31fbef60f2db83cded91.js attached SourceMap
<s> [webpack.Progress] 92% sealing asset processing SourceMapDevToolPlugin 1345.842bbda2bf7966af78d9.js attach SourceMap
<s> [webpack.Progress] 92% sealing asset processing SourceMapDevToolPlugin 1345.842bbda2bf7966af78d9.js attached SourceMap
<s> [webpack.Progress] 92% sealing asset processing SourceMapDevToolPlugin 2405.5e7059454630cab930e2.js attach SourceMap
<s> [webpack.Progress] 92% sealing asset processing SourceMapDevToolPlugin 2405.5e7059454630cab930e2.js attached SourceMap
<s> [webpack.Progress] 92% sealing asset processing SourceMapDevToolPlugin 6604.0f281cf6d4eb6fa818f4.js attach SourceMap
<s> [webpack.Progress] 92% sealing asset processing SourceMapDevToolPlugin 6604.0f281cf6d4eb6fa818f4.js attached SourceMap
<s> [webpack.Progress] 92% sealing asset processing SourceMapDevToolPlugin 9349.5210739950ae8f5c1060.js attach SourceMap
<s> [webpack.Progress] 92% sealing asset processing SourceMapDevToolPlugin 9349.5210739950ae8f5c1060.js attached SourceMap
<s> [webpack.Progress] 92% sealing asset processing SourceMapDevToolPlugin 7110.cd4d579bf72356f753a1.js attach SourceMap
<s> [webpack.Progress] 92% sealing asset processing SourceMapDevToolPlugin 7110.cd4d579bf72356f753a1.js attached SourceMap
<s> [webpack.Progress] 92% sealing asset processing SourceMapDevToolPlugin 2004.fda354a18cd7f93af436.js attach SourceMap
<s> [webpack.Progress] 92% sealing asset processing SourceMapDevToolPlugin 2004.fda354a18cd7f93af436.js attached SourceMap
<s> [webpack.Progress] 92% sealing asset processing SourceMapDevToolPlugin 9081.31e68130b413cfa54679.js attach SourceMap
<s> [webpack.Progress] 92% sealing asset processing SourceMapDevToolPlugin 9081.31e68130b413cfa54679.js attached SourceMap
<s> [webpack.Progress] 92% sealing asset processing SourceMapDevToolPlugin 355.e8e4f94511c196e8c9bb.js attach SourceMap
<s> [webpack.Progress] 92% sealing asset processing SourceMapDevToolPlugin 355.e8e4f94511c196e8c9bb.js attached SourceMap
<s> [webpack.Progress] 92% sealing asset processing SourceMapDevToolPlugin 2139.876931c0a25b8377dcaa.js attach SourceMap
<s> [webpack.Progress] 92% sealing asset processing SourceMapDevToolPlugin 2139.876931c0a25b8377dcaa.js attached SourceMap
<s> [webpack.Progress] 92% sealing asset processing SourceMapDevToolPlugin 9978.ed9f00a4879015728752.js attach SourceMap
<s> [webpack.Progress] 92% sealing asset processing SourceMapDevToolPlugin 9978.ed9f00a4879015728752.js attached SourceMap
<s> [webpack.Progress] 92% sealing asset processing SourceMapDevToolPlugin 2620.b7296420a927443afd8e.js attach SourceMap
<s> [webpack.Progress] 92% sealing asset processing SourceMapDevToolPlugin 2620.b7296420a927443afd8e.js attached SourceMap
<s> [webpack.Progress] 92% sealing asset processing SourceMapDevToolPlugin 3520.61739bd2fda04a0a84df.js attach SourceMap
<s> [webpack.Progress] 92% sealing asset processing SourceMapDevToolPlugin 3520.61739bd2fda04a0a84df.js attached SourceMap
<s> [webpack.Progress] 92% sealing asset processing SourceMapDevToolPlugin 1724.b0cd8e6efbf403767c8d.js attach SourceMap
<s> [webpack.Progress] 92% sealing asset processing SourceMapDevToolPlugin 1724.b0cd8e6efbf403767c8d.js attached SourceMap
<s> [webpack.Progress] 92% sealing asset processing SourceMapDevToolPlugin 147.078be0292e3dbb9b4a0d.js attach SourceMap
<s> [webpack.Progress] 92% sealing asset processing SourceMapDevToolPlugin 147.078be0292e3dbb9b4a0d.js attached SourceMap
<s> [webpack.Progress] 92% sealing asset processing SourceMapDevToolPlugin 4348.da4bbec8a7c1cc0496ff.js attach SourceMap
<s> [webpack.Progress] 92% sealing asset processing SourceMapDevToolPlugin 4348.da4bbec8a7c1cc0496ff.js attached SourceMap
<s> [webpack.Progress] 92% sealing asset processing SourceMapDevToolPlugin 3325.78900287c669ed8dee58.js attach SourceMap
<s> [webpack.Progress] 92% sealing asset processing SourceMapDevToolPlugin 3325.78900287c669ed8dee58.js attached SourceMap
<s> [webpack.Progress] 92% sealing asset processing SourceMapDevToolPlugin 6310.42982be05dc7d619a1bd.js attach SourceMap
<s> [webpack.Progress] 92% sealing asset processing SourceMapDevToolPlugin 6310.42982be05dc7d619a1bd.js attached SourceMap
<s> [webpack.Progress] 92% sealing asset processing SourceMapDevToolPlugin 3882.f82330f11429f518f408.js attach SourceMap
<s> [webpack.Progress] 92% sealing asset processing SourceMapDevToolPlugin 3882.f82330f11429f518f408.js attached SourceMap
<s> [webpack.Progress] 92% sealing asset processing SourceMapDevToolPlugin
<s> [webpack.Progress] 92% sealing asset processing SourceMapDevToolPlugin
<s> [webpack.Progress] 92% sealing asset processing SourceMapDevToolPlugin resolve sources
<s> [webpack.Progress] 92% sealing asset processing SourceMapDevToolPlugin
<s> [webpack.Progress] 92% sealing asset processing RealContentHashPlugin
<s> [webpack.Progress] 92% sealing asset processing RealContentHashPlugin
<s> [webpack.Progress] 92% sealing asset processing RealContentHashPlugin grafana.app.ad2ed81beeec71531a35.css generate SourceMap
<s> [webpack.Progress] 92% sealing asset processing RealContentHashPlugin grafana.app.ad2ed81beeec71531a35.css generated SourceMap
<s> [webpack.Progress] 92% sealing asset processing RealContentHashPlugin grafana.swagger.4ffa23b5aeeedb24a80a.css generate SourceMap
<s> [webpack.Progress] 92% sealing asset processing RealContentHashPlugin grafana.swagger.4ffa23b5aeeedb24a80a.css generated SourceMap
<s> [webpack.Progress] 92% sealing asset processing RealContentHashPlugin grafana.dark.23c5425b7a9e1580d499.css generate SourceMap
<s> [webpack.Progress] 92% sealing asset processing RealContentHashPlugin grafana.dark.23c5425b7a9e1580d499.css generated SourceMap
<s> [webpack.Progress] 92% sealing asset processing RealContentHashPlugin dark.d9196c1e81619cd5ae4f.js generate SourceMap
<s> [webpack.Progress] 92% sealing asset processing RealContentHashPlugin dark.d9196c1e81619cd5ae4f.js generated SourceMap
<s> [webpack.Progress] 92% sealing asset processing RealContentHashPlugin grafana.light.53ec5bfb490b0419985b.css generate SourceMap
<s> [webpack.Progress] 92% sealing asset processing RealContentHashPlugin grafana.light.53ec5bfb490b0419985b.css generated SourceMap
<s> [webpack.Progress] 92% sealing asset processing RealContentHashPlugin light.6f4baca9576edc9c2e5b.js generate SourceMap
<s> [webpack.Progress] 92% sealing asset processing RealContentHashPlugin light.6f4baca9576edc9c2e5b.js generated SourceMap
<s> [webpack.Progress] 92% sealing asset processing RealContentHashPlugin grafana.react-monaco-editor.ffb3a9cd952d3cd7471b.css generate SourceMap
<s> [webpack.Progress] 92% sealing asset processing RealContentHashPlugin grafana.react-monaco-editor.ffb3a9cd952d3cd7471b.css generated SourceMap
<s> [webpack.Progress] 92% sealing asset processing RealContentHashPlugin grafana.cloudwatchPlugin.c72ea7615dee70490888.css generate SourceMap
<s> [webpack.Progress] 92% sealing asset processing RealContentHashPlugin grafana.cloudwatchPlugin.c72ea7615dee70490888.css generated SourceMap
<s> [webpack.Progress] 92% sealing asset processing RealContentHashPlugin cloudwatchPlugin.dbc2207249fdfaa23aee.js generate SourceMap
<s> [webpack.Progress] 92% sealing asset processing RealContentHashPlugin cloudwatchPlugin.dbc2207249fdfaa23aee.js generated SourceMap
<s> [webpack.Progress] 92% sealing asset processing RealContentHashPlugin grafana.elasticsearchPlugin.c72ea7615dee70490888.css generate SourceMap
<s> [webpack.Progress] 92% sealing asset processing RealContentHashPlugin grafana.elasticsearchPlugin.c72ea7615dee70490888.css generated SourceMap
<s> [webpack.Progress] 92% sealing asset processing RealContentHashPlugin elasticsearchPlugin.fabb5949010ee126f6d0.js generate SourceMap
<s> [webpack.Progress] 92% sealing asset processing RealContentHashPlugin elasticsearchPlugin.fabb5949010ee126f6d0.js generated SourceMap
<s> [webpack.Progress] 92% sealing asset processing RealContentHashPlugin mixedPlugin.30ec360b5d722837c73c.js generate SourceMap
<s> [webpack.Progress] 92% sealing asset processing RealContentHashPlugin mixedPlugin.30ec360b5d722837c73c.js generated SourceMap
<s> [webpack.Progress] 92% sealing asset processing RealContentHashPlugin grafana.prometheusPlugin.c72ea7615dee70490888.css generate SourceMap
<s> [webpack.Progress] 92% sealing asset processing RealContentHashPlugin grafana.prometheusPlugin.c72ea7615dee70490888.css generated SourceMap
<s> [webpack.Progress] 92% sealing asset processing RealContentHashPlugin prometheusPlugin.10690b14518ac6e56224.js generate SourceMap
<s> [webpack.Progress] 92% sealing asset processing RealContentHashPlugin prometheusPlugin.10690b14518ac6e56224.js generated SourceMap
<s> [webpack.Progress] 92% sealing asset processing RealContentHashPlugin grafana.alertmanagerPlugin.c72ea7615dee70490888.css generate SourceMap
<s> [webpack.Progress] 92% sealing asset processing RealContentHashPlugin grafana.alertmanagerPlugin.c72ea7615dee70490888.css generated SourceMap
<s> [webpack.Progress] 92% sealing asset processing RealContentHashPlugin grafana.dataGridPanel.c1fc5db1829b1b31eb4d.css generate SourceMap
<s> [webpack.Progress] 92% sealing asset processing RealContentHashPlugin grafana.dataGridPanel.c1fc5db1829b1b31eb4d.css generated SourceMap
<s> [webpack.Progress] 92% sealing asset processing RealContentHashPlugin dataGridPanel.790fad454c0db46e75b0.js generate SourceMap
<s> [webpack.Progress] 92% sealing asset processing RealContentHashPlugin dataGridPanel.790fad454c0db46e75b0.js generated SourceMap
<s> [webpack.Progress] 92% sealing asset processing RealContentHashPlugin grafana.geomapPanel.fd897fa16d4b721fcf2b.css generate SourceMap
<s> [webpack.Progress] 92% sealing asset processing RealContentHashPlugin grafana.geomapPanel.fd897fa16d4b721fcf2b.css generated SourceMap
<s> [webpack.Progress] 92% sealing asset processing RealContentHashPlugin geomapPanel.53f0235781bb2379d131.js generate SourceMap
<s> [webpack.Progress] 92% sealing asset processing RealContentHashPlugin geomapPanel.53f0235781bb2379d131.js generated SourceMap
<s> [webpack.Progress] 92% sealing asset processing RealContentHashPlugin grafana.7371.ffb3a9cd952d3cd7471b.css generate SourceMap
<s> [webpack.Progress] 92% sealing asset processing RealContentHashPlugin grafana.7371.ffb3a9cd952d3cd7471b.css generated SourceMap
<s> [webpack.Progress] 92% sealing asset processing RealContentHashPlugin 3686.102abfc00452299017bb.js generate SourceMap
<s> [webpack.Progress] 92% sealing asset processing RealContentHashPlugin 3686.102abfc00452299017bb.js generated SourceMap
<s> [webpack.Progress] 92% sealing asset processing RealContentHashPlugin grafana.7640.a45e45977094df4a0bc9.css generate SourceMap
<s> [webpack.Progress] 92% sealing asset processing RealContentHashPlugin grafana.7640.a45e45977094df4a0bc9.css generated SourceMap
<s> [webpack.Progress] 92% sealing asset processing RealContentHashPlugin grafana.DashboardPageProxy.a66335f88cd003e4a44f.css generate SourceMap
<s> [webpack.Progress] 92% sealing asset processing RealContentHashPlugin grafana.DashboardPageProxy.a66335f88cd003e4a44f.css generated SourceMap
<s> [webpack.Progress] 92% sealing asset processing RealContentHashPlugin grafana.DashboardPage.a66335f88cd003e4a44f.css generate SourceMap
<s> [webpack.Progress] 92% sealing asset processing RealContentHashPlugin grafana.DashboardPage.a66335f88cd003e4a44f.css generated SourceMap
<s> [webpack.Progress] 92% sealing asset processing RealContentHashPlugin resolve sources
<s> [webpack.Progress] 92% sealing asset processing RealContentHashPlugin
<s> [webpack.Progress] 92% sealing asset processing WebpackAssetsManifest
<s> [webpack.Progress] 92% sealing asset processing WebpackAssetsManifest
<s> [webpack.Progress] 92% sealing asset processing WebpackAssetsManifest
<s> [webpack.Progress] 92% sealing asset processing WebpackAssetsManifest
<s> [webpack.Progress] 92% sealing asset processing WebpackAssetsManifest resolve sources
<s> [webpack.Progress] 92% sealing asset processing WebpackAssetsManifest
<s> [webpack.Progress] 92% sealing asset processing WebpackManifestPlugin
<s> [webpack.Progress] 92% sealing asset processing WebpackManifestPlugin
<s> [webpack.Progress] 92% sealing asset processing WebpackManifestPlugin resolve sources
<s> [webpack.Progress] 92% sealing asset processing WebpackManifestPlugin
<s> [webpack.Progress] 92% sealing asset processing
<s> [webpack.Progress] 93% sealing after asset optimization
<s> [webpack.Progress] 93% sealing after asset optimization
<s> [webpack.Progress] 93% sealing recording
<s> [webpack.Progress] 93% sealing recording
<s> [webpack.Progress] 94% sealing after seal
<s> [webpack.Progress] 94% sealing after seal
<s> [webpack.Progress] 95% emitting emit
<s> [webpack.Progress] 95% emitting emit CleanPlugin
<s> [webpack.Progress] 95% emitting emit
<s> [webpack.Progress] 98% emitting after emit
<s> [webpack.Progress] 98% emitting after emit WebpackAssetsManifest
<s> [webpack.Progress] 98% emitting after emit SizeLimitsPlugin
<s> [webpack.Progress] 98% emitting after emit
<s> [webpack.Progress] 99% done plugins
<s> [webpack.Progress] 99% done plugins WebpackAssetsManifest
<s> [webpack.Progress] 99% done plugins Done
<s> [webpack.Progress] 99% done plugins IdleFileCachePlugin
<s> [webpack.Progress] 99% done plugins
<s> [webpack.Progress] 99% 
<s> [webpack.Progress] 99% cache store build dependencies
<s> [webpack.Progress] 99% cache store build dependencies IdleFileCachePlugin
<s> [webpack.Progress] 99% cache store build dependencies
<s> [webpack.Progress] 99% cache begin idle
<s> [webpack.Progress] 99% cache begin idle IdleFileCachePlugin
<s> [webpack.Progress] 99% cache begin idle
<s> [webpack.Progress] 100% 
<s> [webpack.Progress] 99% cache shutdown
<s> [webpack.Progress] 99% cache shutdown MemoryCachePlugin
<s> [webpack.Progress] 99% cache shutdown IdleFileCachePlugin
<s> [webpack.Progress] 99% cache shutdown IdleFileCachePlugin process pending cache items
<s> [webpack.Progress] 99% cache shutdown IdleFileCachePlugin resolve build dependencies
<s> [webpack.Progress] 99% cache shutdown IdleFileCachePlugin snapshot build dependencies resolving
<s> [webpack.Progress] 99% cache shutdown IdleFileCachePlugin snapshot build dependencies modules
<s> [webpack.Progress] 99% cache shutdown IdleFileCachePlugin serialize pack
<s> [webpack.Progress] 99% cache shutdown IdleFileCachePlugin stored
<s> [webpack.Progress] 99% cache shutdown
<s> [webpack.Progress] 100% 
assets by path [1m[32m*.js[39m[22m 38.1 MiB
  assets by chunk 30.2 MiB (id hint: default) 137 assets
  assets by chunk 4.79 MiB (id hint: defaultVendors) 3 assets
  + 187 assets
assets by path [1m[32mstatic/img/[39m[22m 1.32 MiB
  assets by chunk 1.11 MiB (auxiliary name: dark) 11 assets
  assets by chunk 141 KiB (auxiliary name: app) 4 assets
  + 4 assets
assets by path [1m[32m*.css[39m[22m 660 KiB
  asset [1m[32mgrafana.swagger.4ffa23b5aeeedb24a80a.css[39m[22m 148 KiB [1m[32m[emitted][39m[22m [1m[32m[immutable][39m[22m [1m[32m[minimized][39m[22m (name: swagger)
  asset [1m[32mgrafana.geomapPanel.fd897fa16d4b721fcf2b.css[39m[22m 118 KiB [1m[32m[emitted][39m[22m [1m[32m[immutable][39m[22m [1m[32m[minimized][39m[22m (name: geomapPanel)
  + 13 assets
asset [1m[32massets-manifest.json[39m[22m 229 KiB [1m[32m[emitted][39m[22m
asset [1m[32m3271a66f26ce756b29b5.wasm[39m[22m 190 KiB [1m[32m[emitted][39m[22m [1m[32m[immutable][39m[22m [from: node_modules/@bsull/augurs/outlier_bg.wasm] (auxiliary name: app)
asset [1m[32m../../manifest.json[39m[22m 24.2 KiB [1m[32m[emitted][39m[22m
Entrypoint [1mapp[39m[22m [1m[33m[big][39m[22m 8.25 MiB (31 MiB) = 9 assets 13 auxiliary assets
Entrypoint [1mswagger[39m[22m [1m[33m[big][39m[22m 3.39 MiB (9.51 MiB) = 7 assets 6 auxiliary assets
Entrypoint [1mdark[39m[22m 103 KiB (1.15 MiB) = [1m[32mruntime.cd387be848137ff23a11.js[39m[22m 16.6 KiB [1m[32mgrafana.dark.23c5425b7a9e1580d499.css[39m[22m 86 KiB [1m[32mdark.d9196c1e81619cd5ae4f.js[39m[22m 132 bytes 12 auxiliary assets
Entrypoint [1mlight[39m[22m 103 KiB (1.15 MiB) = [1m[32mruntime.cd387be848137ff23a11.js[39m[22m 16.6 KiB [1m[32mgrafana.light.53ec5bfb490b0419985b.css[39m[22m 86 KiB [1m[32mlight.6f4baca9576edc9c2e5b.js[39m[22m 134 bytes 12 auxiliary assets
orphan modules 32.5 MiB (javascript) 1.34 MiB (asset) 1.06 KiB (runtime) [1m[33m[orphan][39m[22m 8120 modules
runtime modules 133 KiB 468 modules
built modules 70.8 MiB (javascript) 556 KiB (css/mini-extract) 332 KiB (asset) [1m[33m[built][39m[22m
  modules by path [1m./node_modules/[39m[22m 49.4 MiB (javascript) 375 KiB (css/mini-extract) 190 KiB (asset)
    javascript modules 48.8 MiB 2785 modules
    css modules 375 KiB 96 modules
    [1m./node_modules/moment-timezone/data/packed/latest.json[39m[22m 712 KiB [1m[33m[built][39m[22m [1m[33m[code generated][39m[22m
    [1m./node_modules/@bsull/augurs/outlier_bg.wasm[39m[22m 190 KiB (asset) 42 bytes (javascript) [1m[33m[built][39m[22m [1m[33m[code generated][39m[22m
  modules by path [1m./public/[39m[22m 17.7 MiB (javascript) 995 bytes (asset) 181 KiB (css/mini-extract) 1128 modules
  modules by path [1m./packages/[39m[22m 3.57 MiB (javascript) 141 KiB (asset) 580 modules
  [1mfs (ignored)[39m[22m 15 bytes [1m[33m[built][39m[22m [1m[33m[code generated][39m[22m
  [1mstream (ignored)[39m[22m 15 bytes [1m[33m[built][39m[22m [1m[33m[code generated][39m[22m
  [1mbuffer (ignored)[39m[22m 15 bytes [1m[33m[built][39m[22m [1m[33m[code generated][39m[22m
  [1mstream (ignored)[39m[22m 15 bytes [1m[33m[built][39m[22m [1m[33m[code generated][39m[22m
[1m[33mWARNING[39m[22m in [1masset size limit: The following asset(s) exceed the recommended size limit (244 KiB).
This can impact web performance.
Assets: 
  static/img/fontawesome-webfont.c1e38fd9.svg (434 KiB)
  app.6c1b6fd0007a0fd460b5.js (718 KiB)
  swagger.57f2bc49f30d0342b707.js (723 KiB)
  canvasPanel.08b1db752acce050545c.js (513 KiB)
  visjs-network.11af2bcc26528bfab7f3.js (449 KiB)
  5995.00f5f2ca7503ea250b68.js (285 KiB)
  9044.6828399a141c8aca0866.js (758 KiB)
  4064.65041b7746c34408f215.js (436 KiB)
  2150.f5a74ad5ad4e5adf9b96.js (4.5 MiB)
  sql-query-editor.2f7ff885c7c269e21bfe.js (533 KiB)
  1183.d2cb532fd7d264a35e5a.js (894 KiB)
  brace.4a68600431dfe2b97207.js (363 KiB)
  7613.6334cff4df12cc157522.js (790 KiB)
  6029.0549a3fcb50e73c4b256.js (400 KiB)
  3196.0d4b1a0bf9502490c781.js (886 KiB)
  9890.2f086d4a8fdbd47b8d24.js (2.86 MiB)
  5853.9a9de1ac643be29b9631.js (1.07 MiB)
  5074.7a8e1796195f4df7cf09.js (960 KiB)
  7396.387099d59e8bf7f53143.js (1.84 MiB)
  8477.8e55fa92171fda9c03c2.js (912 KiB)
  355.fc64999f01dbe09dc17a.js (3.19 MiB)
  2139.44725ac6f5e2e2569952.js (335 KiB)
  2620.a3a8103cf5992d8b6631.js (487 KiB)
  3520.d630b474af070ac2d226.js (7.51 MiB)
  1724.35617d110df315779d75.js (612 KiB)
  4348.7fb3e6b67ffa3f77e31f.js (246 KiB)[39m[22m
[1m[33mWARNING[39m[22m in [1mentrypoint size limit: The following entrypoint(s) combined asset size exceeds the recommended limit (244 KiB). This can impact web performance.
Entrypoints:
  app (8.25 MiB)
      runtime.cd387be848137ff23a11.js
      6029.0549a3fcb50e73c4b256.js
      3196.0d4b1a0bf9502490c781.js
      9890.2f086d4a8fdbd47b8d24.js
      7836.125f6c2757ee541f83cc.js
      2041.db61d9e0bd49170a31de.js
      355.fc64999f01dbe09dc17a.js
      grafana.app.ad2ed81beeec71531a35.css
      app.6c1b6fd0007a0fd460b5.js
  swagger (3.39 MiB)
      runtime.cd387be848137ff23a11.js
      6029.0549a3fcb50e73c4b256.js
      3196.0d4b1a0bf9502490c781.js
      5853.9a9de1ac643be29b9631.js
      7836.125f6c2757ee541f83cc.js
      grafana.swagger.4ffa23b5aeeedb24a80a.css
      swagger.57f2bc49f30d0342b707.js
[39m[22m
webpack 5.97.1 compiled with [1m[33m2 warnings[39m[22m in 55142 ms



 NX   Successfully ran target build for project grafana and 12 tasks it depends on


